2026-01-12 13:31:20.937 [main] INFO  org.testng.internal.Utils - [XmlSuite] [WARN] 'parallel' value 'false' is no longer valid, defaulting to 'none'.
2026-01-12 13:31:21.000 [main] INFO  utils.ScreenshotListener - ========================================
2026-01-12 13:31:21.000 [main] INFO  utils.ScreenshotListener - Test Suite Started: Amazon E-Commerce Test Suite
2026-01-12 13:31:21.000 [main] INFO  utils.ScreenshotListener - ========================================
2026-01-12 13:31:21.008 [main] INFO  TestSteps - ================================================================================
2026-01-12 13:31:21.008 [main] INFO  TestSteps -   TC_AMZ_001: Verify Valid Product Search
2026-01-12 13:31:21.008 [main] INFO  TestSteps - ================================================================================
2026-01-12 13:31:21.008 [main] INFO  testcase1 - Priority: CRITICAL (P1) | Type: Smoke Test | Automation: YES
2026-01-12 13:31:21.008 [main] INFO  testcase1 - Setting up WebDriverManager for Chrome
2026-01-12 13:31:23.798 [main] INFO  io.github.bonigarcia.wdm.WebDriverManager - Using chromedriver 143.0.7499.192 (resolved driver for Chrome 143)
2026-01-12 13:31:23.803 [main] INFO  io.github.bonigarcia.wdm.WebDriverManager - Exporting webdriver.chrome.driver as /Users/anishk/.cache/selenium/chromedriver/mac-arm64/143.0.7499.192/chromedriver
2026-01-12 13:31:23.804 [main] INFO  testcase1 - WebDriverManager setup completed
2026-01-12 13:31:23.806 [main] INFO  testcase1 - --- Test Setup Started ---
2026-01-12 13:31:24.515 [main] INFO  testcase1 - ChromeDriver initialized successfully
2026-01-12 13:31:24.517 [main] INFO  testcase1 - AmazonSearchFunctions initialized
2026-01-12 13:31:24.517 [main] INFO  testcase1 - --- Test Setup Completed ---
2026-01-12 13:31:24.517 [main] INFO  utils.ScreenshotListener - Starting test: testValidProductSearch
2026-01-12 13:31:24.518 [main] INFO  TestExecution - 
2026-01-12 13:31:24.518 [main] INFO  TestExecution - ################################################################################
2026-01-12 13:31:24.518 [main] INFO  TestExecution - # TEST CASE: TC_AMZ_001 - Verify Valid Product Search
2026-01-12 13:31:24.518 [main] INFO  TestExecution - ################################################################################
2026-01-12 13:31:24.518 [main] INFO  testcase1 - Search Keyword: laptop
2026-01-12 13:31:24.518 [main] INFO  testcase1 - Expected Minimum Results: 10
2026-01-12 13:31:24.519 [main] INFO  TestSteps - >>> Step 1 : Navigate to Amazon homepage
2026-01-12 13:31:38.686 [main] INFO  testcase1 - Navigation successful to: https://www.amazon.com
2026-01-12 13:31:38.687 [main] INFO  TestSteps - >>> Step 2 : Locate search box
2026-01-12 13:31:39.240 [main] INFO  testcase1 - Search box located successfully
2026-01-12 13:31:39.240 [main] INFO  TestSteps - >>> Step 3 : Clear search box
2026-01-12 13:31:39.252 [main] INFO  testcase1 - Search box cleared
2026-01-12 13:31:39.252 [main] INFO  TestSteps - >>> Step 4 : Enter search keyword: laptop
2026-01-12 13:31:39.284 [main] INFO  testcase1 - Keyword 'laptop' entered successfully
2026-01-12 13:31:39.284 [main] INFO  TestSteps - >>> Step 5 : Locate search button
2026-01-12 13:31:39.293 [main] INFO  testcase1 - Search button located
2026-01-12 13:31:39.293 [main] INFO  TestSteps - >>> Step 6 : Click search button
2026-01-12 13:31:45.695 [main] INFO  testcase1 - Search button clicked
2026-01-12 13:31:45.695 [main] INFO  TestSteps - >>> Step 7 : Wait for search results to load
2026-01-12 13:31:45.705 [main] INFO  testcase1 - Search results loaded successfully
2026-01-12 13:31:45.705 [main] INFO  TestSteps - >>> Step 8 : Verify results count text
2026-01-12 13:31:45.716 [main] WARN  testcase1 - Results count text format may have changed, but continuing test...
2026-01-12 13:31:45.716 [main] INFO  TestSteps - >>> Step 9 : Count product cards and verify minimum
2026-01-12 13:31:45.721 [main] INFO  testcase1 - Found 16 product cards
2026-01-12 13:31:45.721 [main] INFO  testcase1 - Minimum product count requirement met
2026-01-12 13:31:45.721 [main] INFO  TestSteps - >>> Step 10 : Verify first product has image
2026-01-12 13:31:45.732 [main] INFO  testcase1 - First product image verified
2026-01-12 13:31:45.733 [main] INFO  TestSteps - >>> Step 11 : Verify first product has title
2026-01-12 13:31:45.742 [main] INFO  testcase1 - First product title verified
2026-01-12 13:31:45.742 [main] INFO  TestSteps - >>> Step 12 : Verify first product has price
2026-01-12 13:31:45.750 [main] INFO  testcase1 - First product price verified
2026-01-12 13:31:45.750 [main] INFO  testcase1 - --- Additional Validation ---
2026-01-12 13:31:45.750 [main] INFO  TestSteps - >>> Additional : Validate first 10 products
2026-01-12 13:31:45.890 [main] INFO  testcase1 - All validated products have required elements
2026-01-12 13:31:45.890 [main] INFO  testcase1 - ========================================
2026-01-12 13:31:45.890 [main] INFO  testcase1 - TEST RESULT: PASSED ✓
2026-01-12 13:31:45.890 [main] INFO  testcase1 - ========================================
2026-01-12 13:31:45.890 [main] INFO  testcase1 - Summary:
2026-01-12 13:31:45.890 [main] INFO  testcase1 -   ✓ Search results page displayed
2026-01-12 13:31:45.890 [main] INFO  testcase1 -   ✓ Found 16 products (minimum required: 10)
2026-01-12 13:31:45.890 [main] INFO  testcase1 -   ✓ Products have required elements: image, title, price
2026-01-12 13:31:45.890 [main] INFO  testcase1 -   ✓ Results are relevant to keyword: 'laptop'
2026-01-12 13:31:45.892 [main] INFO  testcase1 -   ✓ Current URL: https://www.amazon.com/s?k=laptop&ref=nb_sb_noss
2026-01-12 13:31:45.892 [main] INFO  testcase1 - ========================================
2026-01-12 13:31:45.893 [main] INFO  TestExecution - ################################################################################
2026-01-12 13:31:45.893 [main] INFO  TestExecution - # TEST CASE TC_AMZ_001 - RESULT: PASSED
2026-01-12 13:31:45.893 [main] INFO  TestExecution - ################################################################################
2026-01-12 13:31:45.893 [main] INFO  TestExecution - 
2026-01-12 13:31:45.894 [main] INFO  utils.ScreenshotListener - Test passed: testValidProductSearch
2026-01-12 13:31:45.894 [main] INFO  testcase1 - --- Test Teardown Started ---
2026-01-12 13:31:45.894 [main] INFO  testcase1 - Browser session maintained for next test
2026-01-12 13:31:45.894 [main] INFO  testcase1 - --- Test Teardown Completed ---
2026-01-12 13:31:46.016 [main] INFO  testcase1 - Browser closed successfully
2026-01-12 13:31:46.016 [main] INFO  testcase1 - ========================================
2026-01-12 13:31:46.016 [main] INFO  testcase1 - ALL TESTS COMPLETED FOR TC_AMZ_001
2026-01-12 13:31:46.016 [main] INFO  testcase1 - ========================================
2026-01-12 13:31:46.017 [main] INFO  TestSteps - ================================================================================
2026-01-12 13:31:46.017 [main] INFO  TestSteps -   TC_AMZ_005: Add Single Item to Cart
2026-01-12 13:31:46.017 [main] INFO  TestSteps - ================================================================================
2026-01-12 13:31:46.017 [main] INFO  testcase5 - Priority: CRITICAL (P1) | Type: Smoke Test | Automation: YES
2026-01-12 13:31:46.021 [main] INFO  io.github.bonigarcia.wdm.WebDriverManager - Using chromedriver 143.0.7499.192 (resolved driver for Chrome 143)
2026-01-12 13:31:46.022 [main] INFO  io.github.bonigarcia.wdm.WebDriverManager - Exporting webdriver.chrome.driver as /Users/anishk/.cache/selenium/chromedriver/mac-arm64/143.0.7499.192/chromedriver
2026-01-12 13:31:46.022 [main] INFO  testcase5 - WebDriverManager setup completed
2026-01-12 13:31:46.022 [main] INFO  testcase5 - --- Test Setup Started ---
2026-01-12 13:31:46.446 [main] INFO  testcase5 - --- Test Setup Completed ---
2026-01-12 13:31:46.446 [main] INFO  utils.ScreenshotListener - Starting test: testAddSingleItemToCart
2026-01-12 13:31:46.446 [main] INFO  TestExecution - 
2026-01-12 13:31:46.446 [main] INFO  TestExecution - ################################################################################
2026-01-12 13:31:46.446 [main] INFO  TestExecution - # TEST CASE: TC_AMZ_005 - Add Single Item to Cart
2026-01-12 13:31:46.446 [main] INFO  TestExecution - ################################################################################
2026-01-12 13:31:46.446 [main] INFO  testcase5 - Search Keyword: usb cable
2026-01-12 13:31:46.446 [main] INFO  TestSteps - >>> Pre-condition : Navigate to product page
2026-01-12 13:32:01.724 [main] INFO  testcase5 - Navigated to homepage
2026-01-12 13:32:05.624 [main] INFO  testcase5 - Entered search keyword: usb cable
2026-01-12 13:32:09.157 [main] INFO  testcase5 - Clicked search button
2026-01-12 13:32:09.169 [main] INFO  testcase5 - Search results loaded
2026-01-12 13:32:19.329 [main] INFO  testcase5 - Clicked first product
2026-01-12 13:32:19.329 [main] INFO  TestSteps - >>> Step 1 : Get initial cart count
2026-01-12 13:32:19.338 [main] INFO  testcase5 - Initial cart count: 0
2026-01-12 13:32:19.339 [main] INFO  TestSteps - >>> Step 2 : Click 'Add to Cart' button
2026-01-12 13:32:31.976 [main] INFO  testcase5 - Add to Cart button clicked successfully
2026-01-12 13:32:31.977 [main] INFO  TestSteps - >>> Step 3 : Verify cart count increased
2026-01-12 13:32:31.994 [main] INFO  testcase5 - Cart count increased on attempt 1
2026-01-12 13:32:31.995 [main] INFO  testcase5 - Initial Count: 0, New Count: 1
2026-01-12 13:32:31.995 [main] INFO  testcase5 - Cart count verification passed
2026-01-12 13:32:31.995 [main] INFO  TestSteps - >>> Step 4 : Navigate to cart page
2026-01-12 13:32:34.405 [main] INFO  testcase5 - Navigated to cart page
2026-01-12 13:32:34.407 [main] INFO  testcase5 - Current URL: https://www.amazon.com/gp/cart/view.html?ref_=nav_cart
2026-01-12 13:32:34.407 [main] INFO  testcase5 - Cart page verification passed
2026-01-12 13:32:34.407 [main] INFO  testcase5 - ========================================
2026-01-12 13:32:34.407 [main] INFO  testcase5 - TEST RESULT: PASSED ✓
2026-01-12 13:32:34.407 [main] INFO  testcase5 - ========================================
2026-01-12 13:32:34.407 [main] INFO  TestExecution - ################################################################################
2026-01-12 13:32:34.407 [main] INFO  TestExecution - # TEST CASE TC_AMZ_005 - RESULT: PASSED
2026-01-12 13:32:34.407 [main] INFO  TestExecution - ################################################################################
2026-01-12 13:32:34.407 [main] INFO  TestExecution - 
2026-01-12 13:32:34.407 [main] INFO  utils.ScreenshotListener - Test passed: testAddSingleItemToCart
2026-01-12 13:32:34.408 [main] INFO  testcase5 - --- Test Teardown Started ---
2026-01-12 13:32:34.551 [main] INFO  testcase5 - Browser closed
2026-01-12 13:32:34.552 [main] INFO  testcase5 - --- Test Teardown Completed ---
2026-01-12 13:32:34.552 [main] INFO  TestSteps - ================================================================================
2026-01-12 13:32:34.552 [main] INFO  TestSteps -   TC_AMZ_003: Verify Search with Price Filter
2026-01-12 13:32:34.552 [main] INFO  TestSteps - ================================================================================
2026-01-12 13:32:34.552 [main] INFO  testcase3 - Priority: HIGH (P2) | Type: Functional Test | Automation: YES
2026-01-12 13:32:34.552 [main] INFO  testcase3 - Price Range: $500.0 - $1000.0
2026-01-12 13:32:34.556 [main] INFO  io.github.bonigarcia.wdm.WebDriverManager - Using chromedriver 143.0.7499.192 (resolved driver for Chrome 143)
2026-01-12 13:32:34.557 [main] INFO  io.github.bonigarcia.wdm.WebDriverManager - Exporting webdriver.chrome.driver as /Users/anishk/.cache/selenium/chromedriver/mac-arm64/143.0.7499.192/chromedriver
2026-01-12 13:32:34.557 [main] INFO  testcase3 - WebDriverManager setup completed
2026-01-12 13:32:34.558 [main] INFO  testcase3 - --- Test Setup Started ---
2026-01-12 13:32:35.087 [main] INFO  testcase3 - --- Test Setup Completed ---
2026-01-12 13:32:35.088 [main] INFO  utils.ScreenshotListener - Starting test: testPriceFilter
2026-01-12 13:32:35.088 [main] INFO  TestExecution - 
2026-01-12 13:32:35.088 [main] INFO  TestExecution - ################################################################################
2026-01-12 13:32:35.088 [main] INFO  TestExecution - # TEST CASE: TC_AMZ_003 - Verify Price Filter
2026-01-12 13:32:35.088 [main] INFO  TestExecution - ################################################################################
2026-01-12 13:32:35.088 [main] INFO  testcase3 - Search Keyword: laptop
2026-01-12 13:32:35.088 [main] INFO  TestSteps - >>> Step 1 : Navigate to Amazon and search for 'laptop'
2026-01-12 13:32:46.666 [main] INFO  testcase3 - Keyword entered: laptop
2026-01-12 13:32:51.685 [main] INFO  testcase3 - Initial search results loaded
2026-01-12 13:32:51.686 [main] INFO  TestSteps - >>> Step 2 : Apply price filter: $500.0 - $1000.0
2026-01-12 13:32:55.450 [main] INFO  testcase3 - Price filter applied successfully
2026-01-12 13:32:58.477 [main] INFO  testcase3 - Filtered results loaded
2026-01-12 13:32:58.478 [main] INFO  TestSteps - >>> Step 3 : Extract all product prices
2026-01-12 13:32:58.639 [main] INFO  testcase3 - Extracted 16 prices from products
2026-01-12 13:32:58.639 [main] INFO  testcase3 - Price extraction successful
2026-01-12 13:32:58.639 [main] INFO  TestSteps - >>> Step 4 : Validate all prices are within range
2026-01-12 13:32:58.640 [main] INFO  testcase3 - All prices verified to be within range $500.0 - $1000.0
2026-01-12 13:32:58.640 [main] INFO  testcase3 - ========================================
2026-01-12 13:32:58.640 [main] INFO  testcase3 - TEST RESULT: PASSED ✓
2026-01-12 13:32:58.640 [main] INFO  testcase3 - ========================================
2026-01-12 13:32:58.640 [main] INFO  TestExecution - ################################################################################
2026-01-12 13:32:58.640 [main] INFO  TestExecution - # TEST CASE TC_AMZ_003 - RESULT: PASSED
2026-01-12 13:32:58.640 [main] INFO  TestExecution - ################################################################################
2026-01-12 13:32:58.640 [main] INFO  TestExecution - 
2026-01-12 13:32:58.640 [main] INFO  utils.ScreenshotListener - Test passed: testPriceFilter
2026-01-12 13:32:58.641 [main] INFO  testcase3 - --- Test Teardown Started ---
2026-01-12 13:32:58.641 [main] INFO  testcase3 - Browser session maintained
2026-01-12 13:32:58.641 [main] INFO  testcase3 - --- Test Teardown Completed ---
2026-01-12 13:32:58.755 [main] INFO  testcase3 - Browser closed successfully
2026-01-12 13:32:58.755 [main] INFO  testcase3 - ALL TESTS COMPLETED FOR TC_AMZ_003
2026-01-12 13:32:58.756 [main] INFO  TestSteps - ================================================================================
2026-01-12 13:32:58.756 [main] INFO  TestSteps -   TC_AMZ_004: Verify Product Details Display
2026-01-12 13:32:58.756 [main] INFO  TestSteps - ================================================================================
2026-01-12 13:32:58.756 [main] INFO  testcase4 - Priority: HIGH (P2) | Type: Smoke Test | Automation: YES
2026-01-12 13:32:58.760 [main] INFO  io.github.bonigarcia.wdm.WebDriverManager - Using chromedriver 143.0.7499.192 (resolved driver for Chrome 143)
2026-01-12 13:32:58.761 [main] INFO  io.github.bonigarcia.wdm.WebDriverManager - Exporting webdriver.chrome.driver as /Users/anishk/.cache/selenium/chromedriver/mac-arm64/143.0.7499.192/chromedriver
2026-01-12 13:32:58.761 [main] INFO  testcase4 - WebDriverManager setup completed
2026-01-12 13:32:58.761 [main] INFO  testcase4 - --- Test Setup Started ---
2026-01-12 13:32:59.279 [main] INFO  testcase4 - --- Test Setup Completed ---
2026-01-12 13:32:59.279 [main] INFO  utils.ScreenshotListener - Starting test: testProductDetailsDisplay
2026-01-12 13:32:59.279 [main] INFO  TestExecution - 
2026-01-12 13:32:59.279 [main] INFO  TestExecution - ################################################################################
2026-01-12 13:32:59.279 [main] INFO  TestExecution - # TEST CASE: TC_AMZ_004 - Verify Product Details Display
2026-01-12 13:32:59.279 [main] INFO  TestExecution - ################################################################################
2026-01-12 13:32:59.279 [main] INFO  testcase4 - Search Keyword: laptop
2026-01-12 13:32:59.279 [main] INFO  TestSteps - >>> Pre-condition : Search for product
2026-01-12 13:33:11.809 [main] INFO  testcase4 - Navigated to Amazon homepage
2026-01-12 13:33:11.868 [main] INFO  testcase4 - Entered search keyword: laptop
2026-01-12 13:33:15.885 [main] INFO  testcase4 - Clicked search button
2026-01-12 13:33:15.909 [main] INFO  testcase4 - Search results loaded
2026-01-12 13:33:15.909 [main] INFO  TestSteps - >>> Step 1-2 : Get product title and click first product
2026-01-12 13:33:15.920 [main] INFO  testcase4 - First product title: Apple 2025 MacBook Air 13-inch Laptop with M4 chip: Built for Apple Intelligence, 13.6-inch Liquid Retina Display, 16GB Unified Memory, 256GB SSD Storage, 12MP Center Stage Camera, Touch ID; Midnight
2026-01-12 13:33:15.921 [main] INFO  testcase4 - Product title validation passed
2026-01-12 13:33:19.563 [main] INFO  testcase4 - Successfully clicked first product
2026-01-12 13:33:19.563 [main] INFO  TestSteps - >>> Step 3 : Verify product details page elements
2026-01-12 13:33:19.588 [main] INFO  testcase4 - Product details page verified successfully
2026-01-12 13:33:19.589 [main] INFO  testcase4 - ========================================
2026-01-12 13:33:19.589 [main] INFO  testcase4 - TEST RESULT: PASSED ✓
2026-01-12 13:33:19.589 [main] INFO  testcase4 - ========================================
2026-01-12 13:33:19.589 [main] INFO  TestExecution - ################################################################################
2026-01-12 13:33:19.589 [main] INFO  TestExecution - # TEST CASE TC_AMZ_004 - RESULT: PASSED
2026-01-12 13:33:19.589 [main] INFO  TestExecution - ################################################################################
2026-01-12 13:33:19.589 [main] INFO  TestExecution - 
2026-01-12 13:33:19.589 [main] INFO  utils.ScreenshotListener - Test passed: testProductDetailsDisplay
2026-01-12 13:33:19.589 [main] INFO  testcase4 - --- Test Teardown Started ---
2026-01-12 13:33:19.718 [main] INFO  testcase4 - Browser closed
2026-01-12 13:33:19.718 [main] INFO  testcase4 - --- Test Teardown Completed ---
2026-01-12 13:33:19.718 [main] INFO  TestSteps - ================================================================================
2026-01-12 13:33:19.718 [main] INFO  TestSteps -   TC_AMZ_006: Update Cart Quantity
2026-01-12 13:33:19.718 [main] INFO  TestSteps - ================================================================================
2026-01-12 13:33:19.718 [main] INFO  testcase6 - Priority: HIGH (P2) | Type: Functional Test | Automation: YES
2026-01-12 13:33:19.722 [main] INFO  io.github.bonigarcia.wdm.WebDriverManager - Using chromedriver 143.0.7499.192 (resolved driver for Chrome 143)
2026-01-12 13:33:19.723 [main] INFO  io.github.bonigarcia.wdm.WebDriverManager - Exporting webdriver.chrome.driver as /Users/anishk/.cache/selenium/chromedriver/mac-arm64/143.0.7499.192/chromedriver
2026-01-12 13:33:19.723 [main] INFO  testcase6 - WebDriverManager setup completed
2026-01-12 13:33:19.724 [main] INFO  testcase6 - --- Test Setup Started ---
2026-01-12 13:33:20.161 [main] INFO  testcase6 - --- Test Setup Completed ---
2026-01-12 13:33:20.161 [main] INFO  utils.ScreenshotListener - Starting test: testUpdateAndRemoveCartItem
2026-01-12 13:33:20.161 [main] INFO  TestExecution - 
2026-01-12 13:33:20.161 [main] INFO  TestExecution - ################################################################################
2026-01-12 13:33:20.161 [main] INFO  TestExecution - # TEST CASE: TC_AMZ_006 - Update Cart Quantity
2026-01-12 13:33:20.161 [main] INFO  TestExecution - ################################################################################
2026-01-12 13:33:20.161 [main] INFO  testcase6 - Search Keyword: usb cable
2026-01-12 13:33:20.161 [main] INFO  TestSteps - >>> Pre-condition : Add item to cart
2026-01-12 13:33:39.041 [main] INFO  testcase6 - Navigated to homepage
2026-01-12 13:33:47.395 [main] INFO  testcase6 - Entered search keyword: usb cable
2026-01-12 13:33:53.167 [main] INFO  testcase6 - Search results loaded
2026-01-12 13:34:16.606 [main] INFO  testcase6 - Clicked first product
2026-01-12 13:34:29.253 [main] INFO  testcase6 - Added product to cart
2026-01-12 13:34:31.327 [main] INFO  testcase6 - Navigated to cart page
2026-01-12 13:34:31.328 [main] INFO  TestSteps - >>> Step 1 : Update cart quantity to 2
2026-01-12 13:34:41.637 [main] WARN  testcase6 - Quantity update skipped (maybe limited stock or different UI)
2026-01-12 13:34:41.637 [main] INFO  TestSteps - >>> Step 2 : Remove item from cart
2026-01-12 13:34:41.648 [main] INFO  testcase6 - Cart count before delete: 1
2026-01-12 13:34:43.699 [main] INFO  testcase6 - Delete button clicked
2026-01-12 13:34:43.713 [main] INFO  testcase6 - Cart count after delete: 0
2026-01-12 13:34:43.714 [main] INFO  testcase6 - Cart count decreased successfully
2026-01-12 13:34:43.714 [main] INFO  testcase6 - ========================================
2026-01-12 13:34:43.714 [main] INFO  testcase6 - TEST RESULT: PASSED ✓
2026-01-12 13:34:43.714 [main] INFO  testcase6 - ========================================
2026-01-12 13:34:43.714 [main] INFO  TestExecution - ################################################################################
2026-01-12 13:34:43.714 [main] INFO  TestExecution - # TEST CASE TC_AMZ_006 - RESULT: PASSED
2026-01-12 13:34:43.714 [main] INFO  TestExecution - ################################################################################
2026-01-12 13:34:43.714 [main] INFO  TestExecution - 
2026-01-12 13:34:43.714 [main] INFO  utils.ScreenshotListener - Test passed: testUpdateAndRemoveCartItem
2026-01-12 13:34:43.715 [main] INFO  testcase6 - --- Test Teardown Started ---
2026-01-12 13:34:43.866 [main] INFO  testcase6 - Browser closed
2026-01-12 13:34:43.866 [main] INFO  testcase6 - --- Test Teardown Completed ---
2026-01-12 13:34:43.867 [main] INFO  TestSteps - ================================================================================
2026-01-12 13:34:43.867 [main] INFO  TestSteps -   TC_AMZ_007: Remove Item from Cart
2026-01-12 13:34:43.867 [main] INFO  TestSteps - ================================================================================
2026-01-12 13:34:43.867 [main] INFO  testcase7 - Priority: MEDIUM (P3) | Type: Functional Test | Automation: YES
2026-01-12 13:34:43.870 [main] INFO  io.github.bonigarcia.wdm.WebDriverManager - Using chromedriver 143.0.7499.192 (resolved driver for Chrome 143)
2026-01-12 13:34:43.871 [main] INFO  io.github.bonigarcia.wdm.WebDriverManager - Exporting webdriver.chrome.driver as /Users/anishk/.cache/selenium/chromedriver/mac-arm64/143.0.7499.192/chromedriver
2026-01-12 13:34:43.871 [main] INFO  testcase7 - WebDriverManager setup completed
2026-01-12 13:34:43.871 [main] INFO  testcase7 - --- Test Setup Started ---
2026-01-12 13:34:44.412 [main] INFO  testcase7 - --- Test Setup Completed ---
2026-01-12 13:34:44.412 [main] INFO  utils.ScreenshotListener - Starting test: testRemoveItemFromCart
2026-01-12 13:34:44.413 [main] INFO  TestExecution - 
2026-01-12 13:34:44.413 [main] INFO  TestExecution - ################################################################################
2026-01-12 13:34:44.413 [main] INFO  TestExecution - # TEST CASE: TC_AMZ_007 - Remove Item from Cart
2026-01-12 13:34:44.413 [main] INFO  TestExecution - ################################################################################
2026-01-12 13:34:44.413 [main] INFO  testcase7 - Search Keyword: mouse
2026-01-12 13:34:44.413 [main] INFO  TestSteps - >>> Pre-condition : Add item to cart
2026-01-12 13:35:00.190 [main] INFO  testcase7 - Navigated to homepage
2026-01-12 13:35:03.527 [main] INFO  testcase7 - Search results loaded
2026-01-12 13:35:08.008 [main] INFO  testcase7 - Clicked first product
2026-01-12 13:35:21.228 [main] INFO  testcase7 - Added product to cart
2026-01-12 13:35:28.180 [main] INFO  testcase7 - Navigated to cart page
2026-01-12 13:35:28.187 [main] INFO  testcase7 - Cart count before removal: 1
2026-01-12 13:35:28.187 [main] INFO  TestSteps - >>> Step 1 : Remove item from cart
2026-01-12 13:35:30.238 [main] INFO  testcase7 - Item deleted successfully
2026-01-12 13:35:30.239 [main] INFO  TestSteps - >>> Step 2 : Verify cart count decreased
2026-01-12 13:35:30.257 [main] INFO  testcase7 - Cart count after removal: 0
2026-01-12 13:35:30.257 [main] INFO  testcase7 - Cart count verification passed
2026-01-12 13:35:30.257 [main] INFO  TestSteps - >>> Step 3 : Verify empty cart message
2026-01-12 13:35:30.257 [main] INFO  testcase7 - Cart is empty, verifying empty cart message
2026-01-12 13:35:32.292 [main] WARN  testcase7 - Empty cart message not found, but count is 0. Proceeding.
2026-01-12 13:35:32.293 [main] INFO  TestSteps - >>> Step 4 : Verify checkout button hidden
2026-01-12 13:35:32.298 [main] INFO  testcase7 - Checkout button visible: false
2026-01-12 13:35:32.298 [main] INFO  testcase7 - Checkout button correctly hidden
2026-01-12 13:35:32.298 [main] INFO  testcase7 - ========================================
2026-01-12 13:35:32.299 [main] INFO  testcase7 - TEST RESULT: PASSED ✓
2026-01-12 13:35:32.299 [main] INFO  testcase7 - ========================================
2026-01-12 13:35:32.299 [main] INFO  TestExecution - ################################################################################
2026-01-12 13:35:32.299 [main] INFO  TestExecution - # TEST CASE TC_AMZ_007 - RESULT: PASSED
2026-01-12 13:35:32.299 [main] INFO  TestExecution - ################################################################################
2026-01-12 13:35:32.299 [main] INFO  TestExecution - 
2026-01-12 13:35:32.299 [main] INFO  utils.ScreenshotListener - Test passed: testRemoveItemFromCart
2026-01-12 13:35:32.300 [main] INFO  testcase7 - --- Test Teardown Started ---
2026-01-12 13:35:32.443 [main] INFO  testcase7 - Browser closed
2026-01-12 13:35:32.443 [main] INFO  testcase7 - --- Test Teardown Completed ---
2026-01-12 13:35:32.444 [main] INFO  TestSteps - ================================================================================
2026-01-12 13:35:32.444 [main] INFO  TestSteps -   TC_AMZ_008: Proceed to Checkout (Guest User)
2026-01-12 13:35:32.444 [main] INFO  TestSteps - ================================================================================
2026-01-12 13:35:32.444 [main] INFO  testcase8 - Priority: MEDIUM (P3) | Type: Smoke Test | Automation: YES
2026-01-12 13:35:32.447 [main] INFO  io.github.bonigarcia.wdm.WebDriverManager - Using chromedriver 143.0.7499.192 (resolved driver for Chrome 143)
2026-01-12 13:35:32.448 [main] INFO  io.github.bonigarcia.wdm.WebDriverManager - Exporting webdriver.chrome.driver as /Users/anishk/.cache/selenium/chromedriver/mac-arm64/143.0.7499.192/chromedriver
2026-01-12 13:35:32.448 [main] INFO  testcase8 - WebDriverManager setup completed
2026-01-12 13:35:32.448 [main] INFO  testcase8 - --- Test Setup Started ---
2026-01-12 13:35:32.883 [main] INFO  testcase8 - --- Test Setup Completed ---
2026-01-12 13:35:32.883 [main] INFO  utils.ScreenshotListener - Starting test: testProceedToCheckout
2026-01-12 13:35:32.883 [main] INFO  TestExecution - 
2026-01-12 13:35:32.883 [main] INFO  TestExecution - ################################################################################
2026-01-12 13:35:32.883 [main] INFO  TestExecution - # TEST CASE: TC_AMZ_008 - Proceed to Checkout
2026-01-12 13:35:32.883 [main] INFO  TestExecution - ################################################################################
2026-01-12 13:35:32.883 [main] INFO  testcase8 - Search Keyword: The Great Gatsby
2026-01-12 13:35:32.883 [main] INFO  TestSteps - >>> Pre-condition : Add item to cart
2026-01-12 13:35:43.591 [main] INFO  testcase8 - Navigated to homepage
2026-01-12 13:35:46.402 [main] INFO  testcase8 - Search results loaded
2026-01-12 13:35:56.710 [main] WARN  testcase8 - Specific book by XPath not found. Falling back to first product.
2026-01-12 13:36:14.801 [main] INFO  testcase8 - Item added to cart
2026-01-12 13:36:14.816 [main] INFO  testcase8 - DEBUG: Cart count after add: 1
2026-01-12 13:36:14.817 [main] INFO  testcase8 - Cart count verification passed
2026-01-12 13:36:14.817 [main] INFO  TestSteps - >>> Step 1 : Navigate to cart
2026-01-12 13:36:16.463 [main] INFO  testcase8 - Navigated to cart page
2026-01-12 13:36:16.463 [main] INFO  TestSteps - >>> Step 2 : Click 'Proceed to Checkout'
2026-01-12 13:36:18.012 [main] INFO  testcase8 - Proceed to Checkout clicked
2026-01-12 13:36:18.012 [main] INFO  TestSteps - >>> Step 3 : Verify redirected to checkout or sign-in page
2026-01-12 13:36:21.015 [main] INFO  testcase8 - Current URL after checkout: https://www.amazon.com/ap/signin?openid.pape.max_auth_age=900&openid.return_to=https%3A%2F%2Fwww.amazon.com%2Fcheckout%2Fentry%2Fcart%3FisEligibilityLogicDisabled%3D1%26referrer%3Dcart%26proceedToCheckout%3D1%26proceedToCheckout%3D1%26ref_%3Dox_sc_proceed%26oldCustomerId%3D0%26tangoWeblabStatus%3Dtango_enable_unrec_customer%26sessionID%3D142-8782956-3202860%26pipelineType%3DChewbacca%26isToBeGiftWrappedBefore%3D0%26useDefaultCart%3D1%26isUnrec%3D1&openid.identity=http%3A%2F%2Fspecs.openid.net%2Fauth%2F2.0%2Fidentifier_select&openid.assoc_handle=amazon_checkout_us&openid.mode=checkid_setup&language=en_US&openid.claimed_id=http%3A%2F%2Fspecs.openid.net%2Fauth%2F2.0%2Fidentifier_select&openid.ns=http%3A%2F%2Fspecs.openid.net%2Fauth%2F2.0
2026-01-12 13:36:21.015 [main] INFO  testcase8 - Successfully redirected to checkout flow
2026-01-12 13:36:21.015 [main] INFO  testcase8 - ========================================
2026-01-12 13:36:21.015 [main] INFO  testcase8 - TEST RESULT: PASSED ✓
2026-01-12 13:36:21.015 [main] INFO  testcase8 - ========================================
2026-01-12 13:36:21.015 [main] INFO  TestExecution - ################################################################################
2026-01-12 13:36:21.016 [main] INFO  TestExecution - # TEST CASE TC_AMZ_008 - RESULT: PASSED
2026-01-12 13:36:21.016 [main] INFO  TestExecution - ################################################################################
2026-01-12 13:36:21.016 [main] INFO  TestExecution - 
2026-01-12 13:36:21.016 [main] INFO  utils.ScreenshotListener - Test passed: testProceedToCheckout
2026-01-12 13:36:21.016 [main] INFO  testcase8 - --- Test Teardown Started ---
2026-01-12 13:36:21.164 [main] INFO  testcase8 - Browser closed
2026-01-12 13:36:21.164 [main] INFO  testcase8 - --- Test Teardown Completed ---
2026-01-12 13:36:21.164 [main] INFO  TestSteps - ================================================================================
2026-01-12 13:36:21.164 [main] INFO  TestSteps -   TC_AMZ_010: Cart Persistence After Page Refresh
2026-01-12 13:36:21.164 [main] INFO  TestSteps - ================================================================================
2026-01-12 13:36:21.164 [main] INFO  testcase10 - Priority: MEDIUM (P3) | Type: Functional Test | Automation: YES
2026-01-12 13:36:21.167 [main] INFO  io.github.bonigarcia.wdm.WebDriverManager - Using chromedriver 143.0.7499.192 (resolved driver for Chrome 143)
2026-01-12 13:36:21.169 [main] INFO  io.github.bonigarcia.wdm.WebDriverManager - Exporting webdriver.chrome.driver as /Users/anishk/.cache/selenium/chromedriver/mac-arm64/143.0.7499.192/chromedriver
2026-01-12 13:36:21.169 [main] INFO  testcase10 - WebDriverManager setup completed
2026-01-12 13:36:21.169 [main] INFO  testcase10 - --- Test Setup Started ---
2026-01-12 13:36:21.607 [main] INFO  testcase10 - --- Test Setup Completed ---
2026-01-12 13:36:21.608 [main] INFO  utils.ScreenshotListener - Starting test: testCartPersistence
2026-01-12 13:36:21.608 [main] INFO  TestExecution - 
2026-01-12 13:36:21.608 [main] INFO  TestExecution - ################################################################################
2026-01-12 13:36:21.608 [main] INFO  TestExecution - # TEST CASE: TC_AMZ_010 - Cart Persistence After Refresh
2026-01-12 13:36:21.608 [main] INFO  TestExecution - ################################################################################
2026-01-12 13:36:21.608 [main] INFO  testcase10 - Search Keyword: monitor
2026-01-12 13:36:21.608 [main] INFO  TestSteps - >>> Step 1 : Add item to cart
2026-01-12 13:36:39.737 [main] INFO  testcase10 - Navigated to homepage
2026-01-12 13:36:42.769 [main] INFO  testcase10 - Search results loaded
2026-01-12 13:36:48.291 [main] INFO  testcase10 - Clicked first product
2026-01-12 13:36:55.952 [main] INFO  testcase10 - Added product to cart
2026-01-12 13:36:55.952 [main] INFO  TestSteps - >>> Step 2 : Get cart count before refresh
2026-01-12 13:36:55.968 [main] INFO  testcase10 - Cart count before refresh: 1
2026-01-12 13:36:55.969 [main] INFO  TestSteps - >>> Step 3 : Refresh the page
2026-01-12 13:37:00.632 [main] INFO  testcase10 - Page refreshed
2026-01-12 13:37:00.633 [main] INFO  TestSteps - >>> Step 4 : Get cart count after refresh
2026-01-12 13:37:00.644 [main] INFO  testcase10 - Cart count after refresh: 1
2026-01-12 13:37:00.645 [main] INFO  testcase10 - Cart count verification passed - items persisted
2026-01-12 13:37:00.645 [main] INFO  TestSteps - >>> Step 5 : Navigate to cart page and verify
2026-01-12 13:37:02.525 [main] INFO  testcase10 - Navigated to cart page
2026-01-12 13:37:02.536 [main] INFO  testcase10 - Cart page count: 1
2026-01-12 13:37:02.536 [main] INFO  testcase10 - Cart page count verification passed
2026-01-12 13:37:02.537 [main] INFO  testcase10 - ========================================
2026-01-12 13:37:02.537 [main] INFO  testcase10 - TEST RESULT: PASSED ✓
2026-01-12 13:37:02.537 [main] INFO  testcase10 - ========================================
2026-01-12 13:37:02.537 [main] INFO  TestExecution - ################################################################################
2026-01-12 13:37:02.537 [main] INFO  TestExecution - # TEST CASE TC_AMZ_010 - RESULT: PASSED
2026-01-12 13:37:02.537 [main] INFO  TestExecution - ################################################################################
2026-01-12 13:37:02.537 [main] INFO  TestExecution - 
2026-01-12 13:37:02.537 [main] INFO  utils.ScreenshotListener - Test passed: testCartPersistence
2026-01-12 13:37:02.537 [main] INFO  testcase10 - --- Test Teardown Started ---
2026-01-12 13:37:02.673 [main] INFO  testcase10 - Browser closed
2026-01-12 13:37:02.673 [main] INFO  testcase10 - --- Test Teardown Completed ---
2026-01-12 13:37:02.673 [main] INFO  TestSteps - ================================================================================
2026-01-12 13:37:02.673 [main] INFO  TestSteps -   TC_AMZ_002: Verify Search with Invalid Keyword
2026-01-12 13:37:02.673 [main] INFO  TestSteps - ================================================================================
2026-01-12 13:37:02.673 [main] INFO  testcase2 - Priority: LOW (P4) | Type: Negative Test | Automation: YES
2026-01-12 13:37:02.675 [main] INFO  io.github.bonigarcia.wdm.WebDriverManager - Using chromedriver 143.0.7499.192 (resolved driver for Chrome 143)
2026-01-12 13:37:02.676 [main] INFO  io.github.bonigarcia.wdm.WebDriverManager - Exporting webdriver.chrome.driver as /Users/anishk/.cache/selenium/chromedriver/mac-arm64/143.0.7499.192/chromedriver
2026-01-12 13:37:02.676 [main] INFO  testcase2 - WebDriverManager setup completed
2026-01-12 13:37:02.676 [main] INFO  testcase2 - --- Test Setup Started ---
2026-01-12 13:37:03.106 [main] INFO  testcase2 - --- Test Setup Completed ---
2026-01-12 13:37:03.107 [main] INFO  utils.ScreenshotListener - Starting test: testInvalidKeywordSearch
2026-01-12 13:37:03.107 [main] INFO  TestExecution - 
2026-01-12 13:37:03.107 [main] INFO  TestExecution - ################################################################################
2026-01-12 13:37:03.107 [main] INFO  TestExecution - # TEST CASE: TC_AMZ_002 - Verify Invalid Search
2026-01-12 13:37:03.107 [main] INFO  TestExecution - ################################################################################
2026-01-12 13:37:03.107 [main] INFO  testcase2 - Invalid Keyword: xyzabc123!@#$%
2026-01-12 13:37:03.107 [main] INFO  TestSteps - >>> Step 1 : Navigate to Amazon homepage
2026-01-12 13:37:18.111 [main] INFO  testcase2 - Navigation successful
2026-01-12 13:37:18.111 [main] INFO  TestSteps - >>> Step 2-3 : Locate search box and enter invalid keyword
2026-01-12 13:37:18.167 [main] INFO  testcase2 - Invalid keyword 'xyzabc123!@#$%' entered
2026-01-12 13:37:18.167 [main] INFO  TestSteps - >>> Step 4 : Click search button
2026-01-12 13:37:29.982 [main] INFO  testcase2 - Search results page loaded
2026-01-12 13:37:29.982 [main] INFO  TestSteps - >>> Step 5-6 : Verify 'No results' message or suggestions
2026-01-12 13:37:30.015 [main] INFO  testcase2 - No Results Message Found: true
2026-01-12 13:37:30.015 [main] INFO  testcase2 - Suggestions Found: true
2026-01-12 13:37:30.015 [main] INFO  testcase2 - Verification passed: No results or suggestions displayed
2026-01-12 13:37:30.016 [main] INFO  TestSteps - >>> Step 7 : Verify zero product cards displayed
2026-01-12 13:37:30.020 [main] INFO  testcase2 - Product count: 0
2026-01-12 13:37:30.020 [main] INFO  testcase2 - Verification passed: Zero products displayed
2026-01-12 13:37:30.020 [main] INFO  testcase2 - ========================================
2026-01-12 13:37:30.020 [main] INFO  testcase2 - TEST RESULT: PASSED ✓
2026-01-12 13:37:30.020 [main] INFO  testcase2 - ========================================
2026-01-12 13:37:30.020 [main] INFO  TestExecution - ################################################################################
2026-01-12 13:37:30.020 [main] INFO  TestExecution - # TEST CASE TC_AMZ_002 - RESULT: PASSED
2026-01-12 13:37:30.020 [main] INFO  TestExecution - ################################################################################
2026-01-12 13:37:30.020 [main] INFO  TestExecution - 
2026-01-12 13:37:30.020 [main] INFO  utils.ScreenshotListener - Test passed: testInvalidKeywordSearch
2026-01-12 13:37:30.020 [main] INFO  testcase2 - --- Test Teardown Started ---
2026-01-12 13:37:30.020 [main] INFO  testcase2 - Browser session maintained
2026-01-12 13:37:30.020 [main] INFO  testcase2 - --- Test Teardown Completed ---
2026-01-12 13:37:30.137 [main] INFO  testcase2 - Browser closed successfully
2026-01-12 13:37:30.137 [main] INFO  testcase2 - ALL TESTS COMPLETED FOR TC_AMZ_002
2026-01-12 13:37:30.138 [main] INFO  TestSteps - ================================================================================
2026-01-12 13:37:30.138 [main] INFO  TestSteps -   TC_AMZ_009: Empty Search Validation
2026-01-12 13:37:30.138 [main] INFO  TestSteps - ================================================================================
2026-01-12 13:37:30.138 [main] INFO  testcase9 - Priority: LOW (P4) | Type: Negative Test | Automation: YES
2026-01-12 13:37:30.141 [main] INFO  io.github.bonigarcia.wdm.WebDriverManager - Using chromedriver 143.0.7499.192 (resolved driver for Chrome 143)
2026-01-12 13:37:30.142 [main] INFO  io.github.bonigarcia.wdm.WebDriverManager - Exporting webdriver.chrome.driver as /Users/anishk/.cache/selenium/chromedriver/mac-arm64/143.0.7499.192/chromedriver
2026-01-12 13:37:30.142 [main] INFO  testcase9 - WebDriverManager setup completed
2026-01-12 13:37:30.142 [main] INFO  testcase9 - --- Test Setup Started ---
2026-01-12 13:37:30.625 [main] INFO  testcase9 - --- Test Setup Completed ---
2026-01-12 13:37:30.625 [main] INFO  utils.ScreenshotListener - Starting test: testEmptySearch
2026-01-12 13:37:30.626 [main] INFO  TestExecution - 
2026-01-12 13:37:30.626 [main] INFO  TestExecution - ################################################################################
2026-01-12 13:37:30.626 [main] INFO  TestExecution - # TEST CASE: TC_AMZ_009 - Empty Search Validation
2026-01-12 13:37:30.626 [main] INFO  TestExecution - ################################################################################
2026-01-12 13:37:30.626 [main] INFO  TestSteps - >>> Step 1 : Navigate to Amazon homepage
2026-01-12 13:37:49.437 [main] INFO  testcase9 - Navigated to homepage
2026-01-12 13:37:49.437 [main] INFO  TestSteps - >>> Step 2 : Clear search box to ensure it's empty
2026-01-12 13:37:49.455 [main] INFO  testcase9 - Search box cleared
2026-01-12 13:37:49.455 [main] INFO  TestSteps - >>> Step 3 : Click search button with empty search box
2026-01-12 13:37:52.895 [main] INFO  testcase9 - Search button clicked with empty input
2026-01-12 13:37:54.902 [main] INFO  TestSteps - >>> Step 4 : Verify no errors and proper handling
2026-01-12 13:37:54.914 [main] INFO  testcase9 - URL after empty search: https://www.amazon.com/
2026-01-12 13:37:54.915 [main] INFO  testcase9 - Domain verification passed
2026-01-12 13:37:54.922 [main] INFO  testcase9 - Error page check passed
2026-01-12 13:37:54.922 [main] INFO  testcase9 - ========================================
2026-01-12 13:37:54.922 [main] INFO  testcase9 - TEST RESULT: PASSED ✓
2026-01-12 13:37:54.922 [main] INFO  testcase9 - ========================================
2026-01-12 13:37:54.922 [main] INFO  TestExecution - ################################################################################
2026-01-12 13:37:54.922 [main] INFO  TestExecution - # TEST CASE TC_AMZ_009 - RESULT: PASSED
2026-01-12 13:37:54.922 [main] INFO  TestExecution - ################################################################################
2026-01-12 13:37:54.922 [main] INFO  TestExecution - 
2026-01-12 13:37:54.922 [main] INFO  utils.ScreenshotListener - Test passed: testEmptySearch
2026-01-12 13:37:54.923 [main] INFO  testcase9 - --- Test Teardown Started ---
2026-01-12 13:37:55.047 [main] INFO  testcase9 - Browser closed
2026-01-12 13:37:55.047 [main] INFO  testcase9 - --- Test Teardown Completed ---
2026-01-12 13:37:55.047 [main] INFO  utils.ScreenshotListener - ========================================
2026-01-12 13:37:55.047 [main] INFO  utils.ScreenshotListener - Test Suite Finished: Amazon E-Commerce Test Suite
2026-01-12 13:37:55.047 [main] INFO  utils.ScreenshotListener - Total Tests: 10
2026-01-12 13:37:55.047 [main] INFO  utils.ScreenshotListener - Passed: 10
2026-01-12 13:37:55.047 [main] INFO  utils.ScreenshotListener - Failed: 0
2026-01-12 13:37:55.047 [main] INFO  utils.ScreenshotListener - Skipped: 0
2026-01-12 13:37:55.047 [main] INFO  utils.ScreenshotListener - ========================================
2026-01-12 13:40:50.161 [main] INFO  org.testng.internal.Utils - [XmlSuite] [WARN] 'parallel' value 'false' is no longer valid, defaulting to 'none'.
2026-01-12 13:40:50.222 [main] INFO  utils.ScreenshotListener - ========================================
2026-01-12 13:40:50.222 [main] INFO  utils.ScreenshotListener - Test Suite Started: Amazon E-Commerce Test Suite
2026-01-12 13:40:50.222 [main] INFO  utils.ScreenshotListener - ========================================
2026-01-12 13:40:50.230 [main] INFO  TestSteps - ================================================================================
2026-01-12 13:40:50.230 [main] INFO  TestSteps -   TC_AMZ_001: Verify Valid Product Search
2026-01-12 13:40:50.230 [main] INFO  TestSteps - ================================================================================
2026-01-12 13:40:50.230 [main] INFO  testcase1 - Priority: CRITICAL (P1) | Type: Smoke Test | Automation: YES
2026-01-12 13:40:50.230 [main] INFO  testcase1 - Setting up WebDriverManager for Chrome
2026-01-12 13:40:50.346 [main] INFO  io.github.bonigarcia.wdm.WebDriverManager - Using chromedriver 143.0.7499.192 (resolved driver for Chrome 143)
2026-01-12 13:40:50.352 [main] INFO  io.github.bonigarcia.wdm.WebDriverManager - Exporting webdriver.chrome.driver as /Users/anishk/.cache/selenium/chromedriver/mac-arm64/143.0.7499.192/chromedriver
2026-01-12 13:40:50.352 [main] INFO  testcase1 - WebDriverManager setup completed
2026-01-12 13:40:50.354 [main] INFO  testcase1 - --- Test Setup Started ---
2026-01-12 13:40:51.054 [main] INFO  testcase1 - ChromeDriver initialized successfully
2026-01-12 13:40:51.056 [main] INFO  testcase1 - AmazonSearchFunctions initialized
2026-01-12 13:40:51.056 [main] INFO  testcase1 - --- Test Setup Completed ---
2026-01-12 13:40:51.057 [main] INFO  utils.ScreenshotListener - Starting test: testValidProductSearch
2026-01-12 13:40:51.057 [main] INFO  TestExecution - 
2026-01-12 13:40:51.057 [main] INFO  TestExecution - ################################################################################
2026-01-12 13:40:51.057 [main] INFO  TestExecution - # TEST CASE: TC_AMZ_001 - Verify Valid Product Search
2026-01-12 13:40:51.057 [main] INFO  TestExecution - ################################################################################
2026-01-12 13:40:51.057 [main] INFO  testcase1 - Search Keyword: laptop
2026-01-12 13:40:51.057 [main] INFO  testcase1 - Expected Minimum Results: 10
2026-01-12 13:40:51.058 [main] INFO  TestSteps - >>> Step 1 : Navigate to Amazon homepage
2026-01-12 13:41:10.889 [main] INFO  testcase1 - Navigation successful to: https://www.amazon.com
2026-01-12 13:41:10.889 [main] INFO  TestSteps - >>> Step 2 : Locate search box
2026-01-12 13:41:10.907 [main] INFO  testcase1 - Search box located successfully
2026-01-12 13:41:10.907 [main] INFO  TestSteps - >>> Step 3 : Clear search box
2026-01-12 13:41:10.916 [main] INFO  testcase1 - Search box cleared
2026-01-12 13:41:10.916 [main] INFO  TestSteps - >>> Step 4 : Enter search keyword: laptop
2026-01-12 13:41:10.949 [main] INFO  testcase1 - Keyword 'laptop' entered successfully
2026-01-12 13:41:10.949 [main] INFO  TestSteps - >>> Step 5 : Locate search button
2026-01-12 13:41:10.957 [main] INFO  testcase1 - Search button located
2026-01-12 13:41:10.957 [main] INFO  TestSteps - >>> Step 6 : Click search button
2026-01-12 13:41:16.639 [main] INFO  testcase1 - Search button clicked
2026-01-12 13:41:16.639 [main] INFO  TestSteps - >>> Step 7 : Wait for search results to load
2026-01-12 13:41:16.660 [main] INFO  testcase1 - Search results loaded successfully
2026-01-12 13:41:16.660 [main] INFO  TestSteps - >>> Step 8 : Verify results count text
2026-01-12 13:41:16.668 [main] WARN  testcase1 - Results count text format may have changed, but continuing test...
2026-01-12 13:41:16.669 [main] INFO  TestSteps - >>> Step 9 : Count product cards and verify minimum
2026-01-12 13:41:16.673 [main] INFO  testcase1 - Found 16 product cards
2026-01-12 13:41:16.674 [main] INFO  testcase1 - Minimum product count requirement met
2026-01-12 13:41:16.674 [main] INFO  TestSteps - >>> Step 10 : Verify first product has image
2026-01-12 13:41:16.685 [main] INFO  testcase1 - First product image verified
2026-01-12 13:41:16.685 [main] INFO  TestSteps - >>> Step 11 : Verify first product has title
2026-01-12 13:41:16.694 [main] INFO  testcase1 - First product title verified
2026-01-12 13:41:16.694 [main] INFO  TestSteps - >>> Step 12 : Verify first product has price
2026-01-12 13:41:16.702 [main] INFO  testcase1 - First product price verified
2026-01-12 13:41:16.702 [main] INFO  testcase1 - --- Additional Validation ---
2026-01-12 13:41:16.703 [main] INFO  TestSteps - >>> Additional : Validate first 10 products
2026-01-12 13:41:16.848 [main] INFO  testcase1 - All validated products have required elements
2026-01-12 13:41:16.848 [main] INFO  testcase1 - ========================================
2026-01-12 13:41:16.848 [main] INFO  testcase1 - TEST RESULT: PASSED ✓
2026-01-12 13:41:16.848 [main] INFO  testcase1 - ========================================
2026-01-12 13:41:16.848 [main] INFO  testcase1 - Summary:
2026-01-12 13:41:16.848 [main] INFO  testcase1 -   ✓ Search results page displayed
2026-01-12 13:41:16.848 [main] INFO  testcase1 -   ✓ Found 16 products (minimum required: 10)
2026-01-12 13:41:16.848 [main] INFO  testcase1 -   ✓ Products have required elements: image, title, price
2026-01-12 13:41:16.848 [main] INFO  testcase1 -   ✓ Results are relevant to keyword: 'laptop'
2026-01-12 13:41:16.850 [main] INFO  testcase1 -   ✓ Current URL: https://www.amazon.com/s?k=laptop&ref=nb_sb_noss
2026-01-12 13:41:16.850 [main] INFO  testcase1 - ========================================
2026-01-12 13:41:16.850 [main] INFO  TestExecution - ################################################################################
2026-01-12 13:41:16.850 [main] INFO  TestExecution - # TEST CASE TC_AMZ_001 - RESULT: PASSED
2026-01-12 13:41:16.850 [main] INFO  TestExecution - ################################################################################
2026-01-12 13:41:16.850 [main] INFO  TestExecution - 
2026-01-12 13:41:16.851 [main] INFO  utils.ScreenshotListener - Test passed: testValidProductSearch
2026-01-12 13:41:16.851 [main] INFO  testcase1 - --- Test Teardown Started ---
2026-01-12 13:41:16.851 [main] INFO  testcase1 - Browser session maintained for next test
2026-01-12 13:41:16.851 [main] INFO  testcase1 - --- Test Teardown Completed ---
2026-01-12 13:41:16.970 [main] INFO  testcase1 - Browser closed successfully
2026-01-12 13:41:16.970 [main] INFO  testcase1 - ========================================
2026-01-12 13:41:16.970 [main] INFO  testcase1 - ALL TESTS COMPLETED FOR TC_AMZ_001
2026-01-12 13:41:16.970 [main] INFO  testcase1 - ========================================
2026-01-12 13:41:16.971 [main] INFO  TestSteps - ================================================================================
2026-01-12 13:41:16.971 [main] INFO  TestSteps -   TC_AMZ_005: Add Single Item to Cart
2026-01-12 13:41:16.971 [main] INFO  TestSteps - ================================================================================
2026-01-12 13:41:16.971 [main] INFO  testcase5 - Priority: CRITICAL (P1) | Type: Smoke Test | Automation: YES
2026-01-12 13:41:16.975 [main] INFO  io.github.bonigarcia.wdm.WebDriverManager - Using chromedriver 143.0.7499.192 (resolved driver for Chrome 143)
2026-01-12 13:41:16.977 [main] INFO  io.github.bonigarcia.wdm.WebDriverManager - Exporting webdriver.chrome.driver as /Users/anishk/.cache/selenium/chromedriver/mac-arm64/143.0.7499.192/chromedriver
2026-01-12 13:41:16.977 [main] INFO  testcase5 - WebDriverManager setup completed
2026-01-12 13:41:16.977 [main] INFO  testcase5 - --- Test Setup Started ---
2026-01-12 13:41:17.508 [main] INFO  testcase5 - --- Test Setup Completed ---
2026-01-12 13:41:17.508 [main] INFO  utils.ScreenshotListener - Starting test: testAddSingleItemToCart
2026-01-12 13:41:17.508 [main] INFO  TestExecution - 
2026-01-12 13:41:17.508 [main] INFO  TestExecution - ################################################################################
2026-01-12 13:41:17.508 [main] INFO  TestExecution - # TEST CASE: TC_AMZ_005 - Add Single Item to Cart
2026-01-12 13:41:17.508 [main] INFO  TestExecution - ################################################################################
2026-01-12 13:41:17.508 [main] INFO  testcase5 - Search Keyword: usb cable
2026-01-12 13:41:17.508 [main] INFO  TestSteps - >>> Pre-condition : Navigate to product page
2026-01-12 13:41:32.118 [main] INFO  testcase5 - Navigated to homepage
2026-01-12 13:41:33.799 [main] INFO  testcase5 - Entered search keyword: usb cable
2026-01-12 13:41:39.605 [main] INFO  testcase5 - Clicked search button
2026-01-12 13:41:39.614 [main] INFO  testcase5 - Search results loaded
2026-01-12 13:41:52.589 [main] INFO  testcase5 - Clicked first product
2026-01-12 13:41:52.590 [main] INFO  TestSteps - >>> Step 1 : Get initial cart count
2026-01-12 13:41:52.597 [main] INFO  testcase5 - Initial cart count: 0
2026-01-12 13:41:52.597 [main] INFO  TestSteps - >>> Step 2 : Click 'Add to Cart' button
2026-01-12 13:42:04.259 [main] INFO  testcase5 - Add to Cart button clicked successfully
2026-01-12 13:42:04.260 [main] INFO  TestSteps - >>> Step 3 : Verify cart count increased
2026-01-12 13:42:04.266 [main] INFO  testcase5 - Cart count increased on attempt 1
2026-01-12 13:42:04.267 [main] INFO  testcase5 - Initial Count: 0, New Count: 1
2026-01-12 13:42:04.267 [main] INFO  testcase5 - Cart count verification passed
2026-01-12 13:42:04.267 [main] INFO  TestSteps - >>> Step 4 : Navigate to cart page
2026-01-12 13:42:05.945 [main] INFO  testcase5 - Navigated to cart page
2026-01-12 13:42:05.947 [main] INFO  testcase5 - Current URL: https://www.amazon.com/gp/cart/view.html?ref_=nav_cart
2026-01-12 13:42:05.947 [main] INFO  testcase5 - Cart page verification passed
2026-01-12 13:42:05.947 [main] INFO  testcase5 - ========================================
2026-01-12 13:42:05.947 [main] INFO  testcase5 - TEST RESULT: PASSED ✓
2026-01-12 13:42:05.947 [main] INFO  testcase5 - ========================================
2026-01-12 13:42:05.947 [main] INFO  TestExecution - ################################################################################
2026-01-12 13:42:05.947 [main] INFO  TestExecution - # TEST CASE TC_AMZ_005 - RESULT: PASSED
2026-01-12 13:42:05.947 [main] INFO  TestExecution - ################################################################################
2026-01-12 13:42:05.947 [main] INFO  TestExecution - 
2026-01-12 13:42:05.947 [main] INFO  utils.ScreenshotListener - Test passed: testAddSingleItemToCart
2026-01-12 13:42:05.948 [main] INFO  testcase5 - --- Test Teardown Started ---
2026-01-12 13:42:06.090 [main] INFO  testcase5 - Browser closed
2026-01-12 13:42:06.090 [main] INFO  testcase5 - --- Test Teardown Completed ---
2026-01-12 13:42:06.090 [main] INFO  TestSteps - ================================================================================
2026-01-12 13:42:06.090 [main] INFO  TestSteps -   TC_AMZ_003: Verify Search with Price Filter
2026-01-12 13:42:06.090 [main] INFO  TestSteps - ================================================================================
2026-01-12 13:42:06.090 [main] INFO  testcase3 - Priority: HIGH (P2) | Type: Functional Test | Automation: YES
2026-01-12 13:42:06.091 [main] INFO  testcase3 - Price Range: $500.0 - $1000.0
2026-01-12 13:42:06.095 [main] INFO  io.github.bonigarcia.wdm.WebDriverManager - Using chromedriver 143.0.7499.192 (resolved driver for Chrome 143)
2026-01-12 13:42:06.097 [main] INFO  io.github.bonigarcia.wdm.WebDriverManager - Exporting webdriver.chrome.driver as /Users/anishk/.cache/selenium/chromedriver/mac-arm64/143.0.7499.192/chromedriver
2026-01-12 13:42:06.097 [main] INFO  testcase3 - WebDriverManager setup completed
2026-01-12 13:42:06.097 [main] INFO  testcase3 - --- Test Setup Started ---
2026-01-12 13:42:06.553 [main] INFO  testcase3 - --- Test Setup Completed ---
2026-01-12 13:42:06.553 [main] INFO  utils.ScreenshotListener - Starting test: testPriceFilter
2026-01-12 13:42:06.553 [main] INFO  TestExecution - 
2026-01-12 13:42:06.553 [main] INFO  TestExecution - ################################################################################
2026-01-12 13:42:06.553 [main] INFO  TestExecution - # TEST CASE: TC_AMZ_003 - Verify Price Filter
2026-01-12 13:42:06.553 [main] INFO  TestExecution - ################################################################################
2026-01-12 13:42:06.553 [main] INFO  testcase3 - Search Keyword: laptop
2026-01-12 13:42:06.553 [main] INFO  TestSteps - >>> Step 1 : Navigate to Amazon and search for 'laptop'
2026-01-12 13:42:23.889 [main] INFO  testcase3 - Keyword entered: laptop
2026-01-12 13:42:28.299 [main] INFO  testcase3 - Initial search results loaded
2026-01-12 13:42:28.299 [main] INFO  TestSteps - >>> Step 2 : Apply price filter: $500.0 - $1000.0
2026-01-12 13:42:31.319 [main] INFO  testcase3 - Price filter applied successfully
2026-01-12 13:42:34.359 [main] INFO  testcase3 - Filtered results loaded
2026-01-12 13:42:34.359 [main] INFO  TestSteps - >>> Step 3 : Extract all product prices
2026-01-12 13:42:34.519 [main] INFO  testcase3 - Extracted 16 prices from products
2026-01-12 13:42:34.519 [main] INFO  testcase3 - Price extraction successful
2026-01-12 13:42:34.519 [main] INFO  TestSteps - >>> Step 4 : Validate all prices are within range
2026-01-12 13:42:34.520 [main] INFO  testcase3 - All prices verified to be within range $500.0 - $1000.0
2026-01-12 13:42:34.520 [main] INFO  testcase3 - ========================================
2026-01-12 13:42:34.520 [main] INFO  testcase3 - TEST RESULT: PASSED ✓
2026-01-12 13:42:34.520 [main] INFO  testcase3 - ========================================
2026-01-12 13:42:34.520 [main] INFO  TestExecution - ################################################################################
2026-01-12 13:42:34.520 [main] INFO  TestExecution - # TEST CASE TC_AMZ_003 - RESULT: PASSED
2026-01-12 13:42:34.520 [main] INFO  TestExecution - ################################################################################
2026-01-12 13:42:34.520 [main] INFO  TestExecution - 
2026-01-12 13:42:34.520 [main] INFO  utils.ScreenshotListener - Test passed: testPriceFilter
2026-01-12 13:42:34.520 [main] INFO  testcase3 - --- Test Teardown Started ---
2026-01-12 13:42:34.521 [main] INFO  testcase3 - Browser session maintained
2026-01-12 13:42:34.521 [main] INFO  testcase3 - --- Test Teardown Completed ---
2026-01-12 13:42:34.635 [main] INFO  testcase3 - Browser closed successfully
2026-01-12 13:42:34.635 [main] INFO  testcase3 - ALL TESTS COMPLETED FOR TC_AMZ_003
2026-01-12 13:42:34.635 [main] INFO  TestSteps - ================================================================================
2026-01-12 13:42:34.635 [main] INFO  TestSteps -   TC_AMZ_004: Verify Product Details Display
2026-01-12 13:42:34.636 [main] INFO  TestSteps - ================================================================================
2026-01-12 13:42:34.636 [main] INFO  testcase4 - Priority: HIGH (P2) | Type: Smoke Test | Automation: YES
2026-01-12 13:42:34.641 [main] INFO  io.github.bonigarcia.wdm.WebDriverManager - Using chromedriver 143.0.7499.192 (resolved driver for Chrome 143)
2026-01-12 13:42:34.642 [main] INFO  io.github.bonigarcia.wdm.WebDriverManager - Exporting webdriver.chrome.driver as /Users/anishk/.cache/selenium/chromedriver/mac-arm64/143.0.7499.192/chromedriver
2026-01-12 13:42:34.642 [main] INFO  testcase4 - WebDriverManager setup completed
2026-01-12 13:42:34.642 [main] INFO  testcase4 - --- Test Setup Started ---
2026-01-12 13:42:35.097 [main] INFO  testcase4 - --- Test Setup Completed ---
2026-01-12 13:42:35.098 [main] INFO  utils.ScreenshotListener - Starting test: testProductDetailsDisplay
2026-01-12 13:42:35.098 [main] INFO  TestExecution - 
2026-01-12 13:42:35.098 [main] INFO  TestExecution - ################################################################################
2026-01-12 13:42:35.098 [main] INFO  TestExecution - # TEST CASE: TC_AMZ_004 - Verify Product Details Display
2026-01-12 13:42:35.098 [main] INFO  TestExecution - ################################################################################
2026-01-12 13:42:35.098 [main] INFO  testcase4 - Search Keyword: laptop
2026-01-12 13:42:35.098 [main] INFO  TestSteps - >>> Pre-condition : Search for product
2026-01-12 13:42:47.852 [main] INFO  testcase4 - Navigated to Amazon homepage
2026-01-12 13:42:49.989 [main] INFO  testcase4 - Entered search keyword: laptop
2026-01-12 13:43:00.360 [main] INFO  testcase4 - Clicked search button
2026-01-12 13:43:00.369 [main] INFO  testcase4 - Search results loaded
2026-01-12 13:43:00.370 [main] INFO  TestSteps - >>> Step 1-2 : Get product title and click first product
2026-01-12 13:43:00.380 [main] INFO  testcase4 - First product title: HP 15.6" Laptop with Microsoft 365-1.1TB Storage - 8GB Memory - Intel Inside | Anti-Glare Display, 128GB SSD and 1TB Cloud Storage, 4-Cores CPU, Fast Charge and 12hrs Battery, no Mouse
2026-01-12 13:43:00.380 [main] INFO  testcase4 - Product title validation passed
2026-01-12 13:43:04.201 [main] INFO  testcase4 - Successfully clicked first product
2026-01-12 13:43:04.201 [main] INFO  TestSteps - >>> Step 3 : Verify product details page elements
2026-01-12 13:43:04.231 [main] INFO  testcase4 - Product details page verified successfully
2026-01-12 13:43:04.231 [main] INFO  testcase4 - ========================================
2026-01-12 13:43:04.231 [main] INFO  testcase4 - TEST RESULT: PASSED ✓
2026-01-12 13:43:04.231 [main] INFO  testcase4 - ========================================
2026-01-12 13:43:04.232 [main] INFO  TestExecution - ################################################################################
2026-01-12 13:43:04.232 [main] INFO  TestExecution - # TEST CASE TC_AMZ_004 - RESULT: PASSED
2026-01-12 13:43:04.232 [main] INFO  TestExecution - ################################################################################
2026-01-12 13:43:04.232 [main] INFO  TestExecution - 
2026-01-12 13:43:04.232 [main] INFO  utils.ScreenshotListener - Test passed: testProductDetailsDisplay
2026-01-12 13:43:04.232 [main] INFO  testcase4 - --- Test Teardown Started ---
2026-01-12 13:43:04.358 [main] INFO  testcase4 - Browser closed
2026-01-12 13:43:04.358 [main] INFO  testcase4 - --- Test Teardown Completed ---
2026-01-12 13:43:04.358 [main] INFO  TestSteps - ================================================================================
2026-01-12 13:43:04.358 [main] INFO  TestSteps -   TC_AMZ_006: Update Cart Quantity
2026-01-12 13:43:04.358 [main] INFO  TestSteps - ================================================================================
2026-01-12 13:43:04.358 [main] INFO  testcase6 - Priority: HIGH (P2) | Type: Functional Test | Automation: YES
2026-01-12 13:43:04.362 [main] INFO  io.github.bonigarcia.wdm.WebDriverManager - Using chromedriver 143.0.7499.192 (resolved driver for Chrome 143)
2026-01-12 13:43:04.363 [main] INFO  io.github.bonigarcia.wdm.WebDriverManager - Exporting webdriver.chrome.driver as /Users/anishk/.cache/selenium/chromedriver/mac-arm64/143.0.7499.192/chromedriver
2026-01-12 13:43:04.363 [main] INFO  testcase6 - WebDriverManager setup completed
2026-01-12 13:43:04.363 [main] INFO  testcase6 - --- Test Setup Started ---
2026-01-12 13:43:04.875 [main] INFO  testcase6 - --- Test Setup Completed ---
2026-01-12 13:43:04.876 [main] INFO  utils.ScreenshotListener - Starting test: testUpdateAndRemoveCartItem
2026-01-12 13:43:04.876 [main] INFO  TestExecution - 
2026-01-12 13:43:04.876 [main] INFO  TestExecution - ################################################################################
2026-01-12 13:43:04.876 [main] INFO  TestExecution - # TEST CASE: TC_AMZ_006 - Update Cart Quantity
2026-01-12 13:43:04.876 [main] INFO  TestExecution - ################################################################################
2026-01-12 13:43:04.876 [main] INFO  testcase6 - Search Keyword: usb cable
2026-01-12 13:43:04.876 [main] INFO  TestSteps - >>> Pre-condition : Add item to cart
2026-01-12 13:44:57.446 [main] INFO  org.testng.internal.Utils - [XmlSuite] [WARN] 'parallel' value 'false' is no longer valid, defaulting to 'none'.
2026-01-12 13:44:57.506 [main] INFO  utils.ScreenshotListener - ========================================
2026-01-12 13:44:57.507 [main] INFO  utils.ScreenshotListener - Test Suite Started: Amazon E-Commerce Test Suite
2026-01-12 13:44:57.507 [main] INFO  utils.ScreenshotListener - ========================================
2026-01-12 13:44:57.514 [main] INFO  TestSteps - ================================================================================
2026-01-12 13:44:57.514 [main] INFO  TestSteps -   TC_AMZ_001: Verify Valid Product Search
2026-01-12 13:44:57.514 [main] INFO  TestSteps - ================================================================================
2026-01-12 13:44:57.514 [main] INFO  testcase1 - Priority: CRITICAL (P1) | Type: Smoke Test | Automation: YES
2026-01-12 13:44:57.515 [main] INFO  testcase1 - Setting up WebDriverManager for Chrome
2026-01-12 13:44:57.632 [main] INFO  io.github.bonigarcia.wdm.WebDriverManager - Using chromedriver 143.0.7499.192 (resolved driver for Chrome 143)
2026-01-12 13:44:57.638 [main] INFO  io.github.bonigarcia.wdm.WebDriverManager - Exporting webdriver.chrome.driver as /Users/anishk/.cache/selenium/chromedriver/mac-arm64/143.0.7499.192/chromedriver
2026-01-12 13:44:57.638 [main] INFO  testcase1 - WebDriverManager setup completed
2026-01-12 13:44:57.640 [main] INFO  testcase1 - --- Test Setup Started ---
2026-01-12 13:44:58.340 [main] INFO  testcase1 - ChromeDriver initialized successfully
2026-01-12 13:44:58.341 [main] INFO  testcase1 - AmazonSearchFunctions initialized
2026-01-12 13:44:58.341 [main] INFO  testcase1 - --- Test Setup Completed ---
2026-01-12 13:44:58.342 [main] INFO  utils.ScreenshotListener - Starting test: testValidProductSearch
2026-01-12 13:44:58.342 [main] INFO  TestExecution - 
2026-01-12 13:44:58.343 [main] INFO  TestExecution - ################################################################################
2026-01-12 13:44:58.343 [main] INFO  TestExecution - # TEST CASE: TC_AMZ_001 - Verify Valid Product Search
2026-01-12 13:44:58.343 [main] INFO  TestExecution - ################################################################################
2026-01-12 13:44:58.343 [main] INFO  testcase1 - Search Keyword: laptop
2026-01-12 13:44:58.343 [main] INFO  testcase1 - Expected Minimum Results: 10
2026-01-12 13:44:58.343 [main] INFO  TestSteps - >>> Step 1 : Navigate to Amazon homepage
2026-01-12 13:45:12.810 [main] INFO  testcase1 - Navigation successful to: https://www.amazon.com
2026-01-12 13:45:12.811 [main] INFO  TestSteps - >>> Step 2 : Locate search box
2026-01-12 13:45:12.839 [main] INFO  testcase1 - Search box located successfully
2026-01-12 13:45:12.840 [main] INFO  TestSteps - >>> Step 3 : Clear search box
2026-01-12 13:45:12.851 [main] INFO  testcase1 - Search box cleared
2026-01-12 13:45:12.851 [main] INFO  TestSteps - >>> Step 4 : Enter search keyword: laptop
2026-01-12 13:45:12.884 [main] INFO  testcase1 - Keyword 'laptop' entered successfully
2026-01-12 13:45:12.884 [main] INFO  TestSteps - >>> Step 5 : Locate search button
2026-01-12 13:45:12.893 [main] INFO  testcase1 - Search button located
2026-01-12 13:45:12.893 [main] INFO  TestSteps - >>> Step 6 : Click search button
2026-01-12 13:45:16.908 [main] INFO  testcase1 - Search button clicked
2026-01-12 13:45:16.909 [main] INFO  TestSteps - >>> Step 7 : Wait for search results to load
2026-01-12 13:45:16.918 [main] INFO  testcase1 - Search results loaded successfully
2026-01-12 13:45:16.918 [main] INFO  TestSteps - >>> Step 8 : Verify results count text
2026-01-12 13:45:16.928 [main] WARN  testcase1 - Results count text format may have changed, but continuing test...
2026-01-12 13:45:16.928 [main] INFO  TestSteps - >>> Step 9 : Count product cards and verify minimum
2026-01-12 13:45:16.933 [main] INFO  testcase1 - Found 16 product cards
2026-01-12 13:45:16.934 [main] INFO  testcase1 - Minimum product count requirement met
2026-01-12 13:45:16.934 [main] INFO  TestSteps - >>> Step 10 : Verify first product has image
2026-01-12 13:45:16.944 [main] INFO  testcase1 - First product image verified
2026-01-12 13:45:16.945 [main] INFO  TestSteps - >>> Step 11 : Verify first product has title
2026-01-12 13:45:16.959 [main] INFO  testcase1 - First product title verified
2026-01-12 13:45:16.960 [main] INFO  TestSteps - >>> Step 12 : Verify first product has price
2026-01-12 13:45:16.980 [main] INFO  testcase1 - First product price verified
2026-01-12 13:45:16.980 [main] INFO  testcase1 - --- Additional Validation ---
2026-01-12 13:45:16.980 [main] INFO  TestSteps - >>> Additional : Validate first 10 products
2026-01-12 13:45:17.140 [main] INFO  testcase1 - All validated products have required elements
2026-01-12 13:45:17.140 [main] INFO  testcase1 - ========================================
2026-01-12 13:45:17.140 [main] INFO  testcase1 - TEST RESULT: PASSED ✓
2026-01-12 13:45:17.140 [main] INFO  testcase1 - ========================================
2026-01-12 13:45:17.140 [main] INFO  testcase1 - Summary:
2026-01-12 13:45:17.140 [main] INFO  testcase1 -   ✓ Search results page displayed
2026-01-12 13:45:17.140 [main] INFO  testcase1 -   ✓ Found 16 products (minimum required: 10)
2026-01-12 13:45:17.140 [main] INFO  testcase1 -   ✓ Products have required elements: image, title, price
2026-01-12 13:45:17.140 [main] INFO  testcase1 -   ✓ Results are relevant to keyword: 'laptop'
2026-01-12 13:45:17.142 [main] INFO  testcase1 -   ✓ Current URL: https://www.amazon.com/s?k=laptop&ref=nb_sb_noss
2026-01-12 13:45:17.142 [main] INFO  testcase1 - ========================================
2026-01-12 13:45:17.142 [main] INFO  TestExecution - ################################################################################
2026-01-12 13:45:17.142 [main] INFO  TestExecution - # TEST CASE TC_AMZ_001 - RESULT: PASSED
2026-01-12 13:45:17.142 [main] INFO  TestExecution - ################################################################################
2026-01-12 13:45:17.142 [main] INFO  TestExecution - 
2026-01-12 13:45:17.143 [main] INFO  utils.ScreenshotListener - Test passed: testValidProductSearch
2026-01-12 13:45:17.144 [main] INFO  testcase1 - --- Test Teardown Started ---
2026-01-12 13:45:17.144 [main] INFO  testcase1 - Browser session maintained for next test
2026-01-12 13:45:17.144 [main] INFO  testcase1 - --- Test Teardown Completed ---
2026-01-12 13:45:17.259 [main] INFO  testcase1 - Browser closed successfully
2026-01-12 13:45:17.259 [main] INFO  testcase1 - ========================================
2026-01-12 13:45:17.259 [main] INFO  testcase1 - ALL TESTS COMPLETED FOR TC_AMZ_001
2026-01-12 13:45:17.259 [main] INFO  testcase1 - ========================================
2026-01-12 13:45:17.260 [main] INFO  TestSteps - ================================================================================
2026-01-12 13:45:17.260 [main] INFO  TestSteps -   TC_AMZ_005: Add Single Item to Cart
2026-01-12 13:45:17.260 [main] INFO  TestSteps - ================================================================================
2026-01-12 13:45:17.260 [main] INFO  testcase5 - Priority: CRITICAL (P1) | Type: Smoke Test | Automation: YES
2026-01-12 13:45:17.264 [main] INFO  io.github.bonigarcia.wdm.WebDriverManager - Using chromedriver 143.0.7499.192 (resolved driver for Chrome 143)
2026-01-12 13:45:17.266 [main] INFO  io.github.bonigarcia.wdm.WebDriverManager - Exporting webdriver.chrome.driver as /Users/anishk/.cache/selenium/chromedriver/mac-arm64/143.0.7499.192/chromedriver
2026-01-12 13:45:17.266 [main] INFO  testcase5 - WebDriverManager setup completed
2026-01-12 13:45:17.266 [main] INFO  testcase5 - --- Test Setup Started ---
2026-01-12 13:45:17.724 [main] INFO  testcase5 - --- Test Setup Completed ---
2026-01-12 13:45:17.724 [main] INFO  utils.ScreenshotListener - Starting test: testAddSingleItemToCart
2026-01-12 13:45:17.724 [main] INFO  TestExecution - 
2026-01-12 13:45:17.724 [main] INFO  TestExecution - ################################################################################
2026-01-12 13:45:17.724 [main] INFO  TestExecution - # TEST CASE: TC_AMZ_005 - Add Single Item to Cart
2026-01-12 13:45:17.724 [main] INFO  TestExecution - ################################################################################
2026-01-12 13:45:17.724 [main] INFO  testcase5 - Search Keyword: usb cable
2026-01-12 13:45:17.724 [main] INFO  TestSteps - >>> Pre-condition : Navigate to product page
2026-01-12 13:45:30.769 [main] INFO  testcase5 - Navigated to homepage
2026-01-12 13:45:30.821 [main] INFO  testcase5 - Entered search keyword: usb cable
2026-01-12 13:45:34.526 [main] INFO  testcase5 - Clicked search button
2026-01-12 13:45:34.536 [main] INFO  testcase5 - Search results loaded
2026-01-12 13:45:46.282 [main] INFO  testcase5 - Clicked first product
2026-01-12 13:45:46.282 [main] INFO  TestSteps - >>> Step 1 : Get initial cart count
2026-01-12 13:45:46.293 [main] INFO  testcase5 - Initial cart count: 0
2026-01-12 13:45:46.293 [main] INFO  TestSteps - >>> Step 2 : Click 'Add to Cart' button
2026-01-12 13:45:57.299 [main] INFO  testcase5 - Add to Cart button clicked successfully
2026-01-12 13:45:57.300 [main] INFO  TestSteps - >>> Step 3 : Verify cart count increased
2026-01-12 13:45:57.319 [main] INFO  testcase5 - Cart count increased on attempt 1
2026-01-12 13:45:57.319 [main] INFO  testcase5 - Initial Count: 0, New Count: 1
2026-01-12 13:45:57.319 [main] INFO  testcase5 - Cart count verification passed
2026-01-12 13:45:57.320 [main] INFO  TestSteps - >>> Step 4 : Navigate to cart page
2026-01-12 13:46:00.472 [main] INFO  testcase5 - Navigated to cart page
2026-01-12 13:46:00.479 [main] INFO  testcase5 - Current URL: https://www.amazon.com/gp/cart/view.html?ref_=nav_cart
2026-01-12 13:46:00.479 [main] INFO  testcase5 - Cart page verification passed
2026-01-12 13:46:00.479 [main] INFO  testcase5 - ========================================
2026-01-12 13:46:00.479 [main] INFO  testcase5 - TEST RESULT: PASSED ✓
2026-01-12 13:46:00.479 [main] INFO  testcase5 - ========================================
2026-01-12 13:46:00.479 [main] INFO  TestExecution - ################################################################################
2026-01-12 13:46:00.479 [main] INFO  TestExecution - # TEST CASE TC_AMZ_005 - RESULT: PASSED
2026-01-12 13:46:00.479 [main] INFO  TestExecution - ################################################################################
2026-01-12 13:46:00.479 [main] INFO  TestExecution - 
2026-01-12 13:46:00.479 [main] INFO  utils.ScreenshotListener - Test passed: testAddSingleItemToCart
2026-01-12 13:46:00.480 [main] INFO  testcase5 - --- Test Teardown Started ---
2026-01-12 13:46:00.625 [main] INFO  testcase5 - Browser closed
2026-01-12 13:46:00.625 [main] INFO  testcase5 - --- Test Teardown Completed ---
2026-01-12 13:46:00.626 [main] INFO  TestSteps - ================================================================================
2026-01-12 13:46:00.626 [main] INFO  TestSteps -   TC_AMZ_003: Verify Search with Price Filter
2026-01-12 13:46:00.626 [main] INFO  TestSteps - ================================================================================
2026-01-12 13:46:00.626 [main] INFO  testcase3 - Priority: HIGH (P2) | Type: Functional Test | Automation: YES
2026-01-12 13:46:00.626 [main] INFO  testcase3 - Price Range: $500.0 - $1000.0
2026-01-12 13:46:00.630 [main] INFO  io.github.bonigarcia.wdm.WebDriverManager - Using chromedriver 143.0.7499.192 (resolved driver for Chrome 143)
2026-01-12 13:46:00.631 [main] INFO  io.github.bonigarcia.wdm.WebDriverManager - Exporting webdriver.chrome.driver as /Users/anishk/.cache/selenium/chromedriver/mac-arm64/143.0.7499.192/chromedriver
2026-01-12 13:46:00.631 [main] INFO  testcase3 - WebDriverManager setup completed
2026-01-12 13:46:00.631 [main] INFO  testcase3 - --- Test Setup Started ---
2026-01-12 13:46:01.190 [main] INFO  testcase3 - --- Test Setup Completed ---
2026-01-12 13:46:01.190 [main] INFO  utils.ScreenshotListener - Starting test: testPriceFilter
2026-01-12 13:46:01.190 [main] INFO  TestExecution - 
2026-01-12 13:46:01.190 [main] INFO  TestExecution - ################################################################################
2026-01-12 13:46:01.190 [main] INFO  TestExecution - # TEST CASE: TC_AMZ_003 - Verify Price Filter
2026-01-12 13:46:01.190 [main] INFO  TestExecution - ################################################################################
2026-01-12 13:46:01.190 [main] INFO  testcase3 - Search Keyword: laptop
2026-01-12 13:46:01.190 [main] INFO  TestSteps - >>> Step 1 : Navigate to Amazon and search for 'laptop'
2026-01-12 13:46:26.220 [main] INFO  testcase3 - Keyword entered: laptop
2026-01-12 13:46:37.399 [main] INFO  testcase3 - Initial search results loaded
2026-01-12 13:46:37.400 [main] INFO  TestSteps - >>> Step 2 : Apply price filter: $500.0 - $1000.0
2026-01-12 13:46:39.742 [main] INFO  testcase3 - Price filter applied successfully
2026-01-12 13:46:42.769 [main] INFO  testcase3 - Filtered results loaded
2026-01-12 13:46:42.769 [main] INFO  TestSteps - >>> Step 3 : Extract all product prices
2026-01-12 13:46:42.924 [main] INFO  testcase3 - Extracted 16 prices from products
2026-01-12 13:46:42.924 [main] INFO  testcase3 - Price extraction successful
2026-01-12 13:46:42.924 [main] INFO  TestSteps - >>> Step 4 : Validate all prices are within range
2026-01-12 13:46:42.925 [main] INFO  testcase3 - All prices verified to be within range $500.0 - $1000.0
2026-01-12 13:46:42.925 [main] INFO  testcase3 - ========================================
2026-01-12 13:46:42.925 [main] INFO  testcase3 - TEST RESULT: PASSED ✓
2026-01-12 13:46:42.925 [main] INFO  testcase3 - ========================================
2026-01-12 13:46:42.925 [main] INFO  TestExecution - ################################################################################
2026-01-12 13:46:42.925 [main] INFO  TestExecution - # TEST CASE TC_AMZ_003 - RESULT: PASSED
2026-01-12 13:46:42.925 [main] INFO  TestExecution - ################################################################################
2026-01-12 13:46:42.925 [main] INFO  TestExecution - 
2026-01-12 13:46:42.925 [main] INFO  utils.ScreenshotListener - Test passed: testPriceFilter
2026-01-12 13:46:42.926 [main] INFO  testcase3 - --- Test Teardown Started ---
2026-01-12 13:46:42.926 [main] INFO  testcase3 - Browser session maintained
2026-01-12 13:46:42.926 [main] INFO  testcase3 - --- Test Teardown Completed ---
2026-01-12 13:46:43.043 [main] INFO  testcase3 - Browser closed successfully
2026-01-12 13:46:43.043 [main] INFO  testcase3 - ALL TESTS COMPLETED FOR TC_AMZ_003
2026-01-12 13:46:43.043 [main] INFO  TestSteps - ================================================================================
2026-01-12 13:46:43.043 [main] INFO  TestSteps -   TC_AMZ_004: Verify Product Details Display
2026-01-12 13:46:43.043 [main] INFO  TestSteps - ================================================================================
2026-01-12 13:46:43.043 [main] INFO  testcase4 - Priority: HIGH (P2) | Type: Smoke Test | Automation: YES
2026-01-12 13:46:43.046 [main] INFO  io.github.bonigarcia.wdm.WebDriverManager - Using chromedriver 143.0.7499.192 (resolved driver for Chrome 143)
2026-01-12 13:46:43.047 [main] INFO  io.github.bonigarcia.wdm.WebDriverManager - Exporting webdriver.chrome.driver as /Users/anishk/.cache/selenium/chromedriver/mac-arm64/143.0.7499.192/chromedriver
2026-01-12 13:46:43.047 [main] INFO  testcase4 - WebDriverManager setup completed
2026-01-12 13:46:43.047 [main] INFO  testcase4 - --- Test Setup Started ---
2026-01-12 13:46:43.582 [main] INFO  testcase4 - --- Test Setup Completed ---
2026-01-12 13:46:43.582 [main] INFO  utils.ScreenshotListener - Starting test: testProductDetailsDisplay
2026-01-12 13:46:43.582 [main] INFO  TestExecution - 
2026-01-12 13:46:43.582 [main] INFO  TestExecution - ################################################################################
2026-01-12 13:46:43.582 [main] INFO  TestExecution - # TEST CASE: TC_AMZ_004 - Verify Product Details Display
2026-01-12 13:46:43.582 [main] INFO  TestExecution - ################################################################################
2026-01-12 13:46:43.582 [main] INFO  testcase4 - Search Keyword: laptop
2026-01-12 13:46:43.582 [main] INFO  TestSteps - >>> Pre-condition : Search for product
2026-01-12 13:47:02.849 [main] INFO  testcase4 - Navigated to Amazon homepage
2026-01-12 13:47:02.907 [main] INFO  testcase4 - Entered search keyword: laptop
2026-01-12 13:47:09.120 [main] INFO  testcase4 - Clicked search button
2026-01-12 13:47:09.132 [main] INFO  testcase4 - Search results loaded
2026-01-12 13:47:09.132 [main] INFO  TestSteps - >>> Step 1-2 : Get product title and click first product
2026-01-12 13:47:09.144 [main] INFO  testcase4 - First product title: Dell Inspiron 15.6" FHD Touchscreen Business & Student Laptop, 32GB RAM 1.5TB Storage (1TB SSD+512GB SD Card), 8-Cores AMD Ryzen 7, Windows 11 Pro Laptop with Microsoft Office Included, Black
2026-01-12 13:47:09.144 [main] INFO  testcase4 - Product title validation passed
2026-01-12 13:47:14.449 [main] INFO  testcase4 - Successfully clicked first product
2026-01-12 13:47:14.449 [main] INFO  TestSteps - >>> Step 3 : Verify product details page elements
2026-01-12 13:47:14.480 [main] INFO  testcase4 - Product details page verified successfully
2026-01-12 13:47:14.480 [main] INFO  testcase4 - ========================================
2026-01-12 13:47:14.480 [main] INFO  testcase4 - TEST RESULT: PASSED ✓
2026-01-12 13:47:14.480 [main] INFO  testcase4 - ========================================
2026-01-12 13:47:14.480 [main] INFO  TestExecution - ################################################################################
2026-01-12 13:47:14.480 [main] INFO  TestExecution - # TEST CASE TC_AMZ_004 - RESULT: PASSED
2026-01-12 13:47:14.480 [main] INFO  TestExecution - ################################################################################
2026-01-12 13:47:14.480 [main] INFO  TestExecution - 
2026-01-12 13:47:14.480 [main] INFO  utils.ScreenshotListener - Test passed: testProductDetailsDisplay
2026-01-12 13:47:14.480 [main] INFO  testcase4 - --- Test Teardown Started ---
2026-01-12 13:47:14.607 [main] INFO  testcase4 - Browser closed
2026-01-12 13:47:14.607 [main] INFO  testcase4 - --- Test Teardown Completed ---
2026-01-12 13:47:14.608 [main] INFO  TestSteps - ================================================================================
2026-01-12 13:47:14.608 [main] INFO  TestSteps -   TC_AMZ_006: Update Cart Quantity
2026-01-12 13:47:14.608 [main] INFO  TestSteps - ================================================================================
2026-01-12 13:47:14.608 [main] INFO  testcase6 - Priority: HIGH (P2) | Type: Functional Test | Automation: YES
2026-01-12 13:47:14.610 [main] INFO  io.github.bonigarcia.wdm.WebDriverManager - Using chromedriver 143.0.7499.192 (resolved driver for Chrome 143)
2026-01-12 13:47:14.611 [main] INFO  io.github.bonigarcia.wdm.WebDriverManager - Exporting webdriver.chrome.driver as /Users/anishk/.cache/selenium/chromedriver/mac-arm64/143.0.7499.192/chromedriver
2026-01-12 13:47:14.611 [main] INFO  testcase6 - WebDriverManager setup completed
2026-01-12 13:47:14.612 [main] INFO  testcase6 - --- Test Setup Started ---
2026-01-12 13:47:15.080 [main] INFO  testcase6 - --- Test Setup Completed ---
2026-01-12 13:47:15.080 [main] INFO  utils.ScreenshotListener - Starting test: testUpdateAndRemoveCartItem
2026-01-12 13:47:15.080 [main] INFO  TestExecution - 
2026-01-12 13:47:15.080 [main] INFO  TestExecution - ################################################################################
2026-01-12 13:47:15.080 [main] INFO  TestExecution - # TEST CASE: TC_AMZ_006 - Update Cart Quantity
2026-01-12 13:47:15.080 [main] INFO  TestExecution - ################################################################################
2026-01-12 13:47:15.080 [main] INFO  testcase6 - Search Keyword: usb cable
2026-01-12 13:47:15.081 [main] INFO  TestSteps - >>> Pre-condition : Add item to cart
2026-01-12 13:47:36.201 [main] INFO  testcase6 - Navigated to homepage
2026-01-12 13:47:39.551 [main] INFO  testcase6 - Entered search keyword: usb cable
2026-01-12 13:47:43.491 [main] INFO  testcase6 - Search results loaded
2026-01-12 13:47:50.496 [main] INFO  testcase6 - Clicked first product
2026-01-12 13:48:02.753 [main] INFO  testcase6 - Added product to cart
2026-01-12 13:48:05.104 [main] INFO  testcase6 - Navigated to cart page
2026-01-12 13:48:05.104 [main] INFO  TestSteps - >>> Step 1 : Update cart quantity to 2
2026-01-12 13:48:15.435 [main] WARN  testcase6 - Quantity update skipped (maybe limited stock or different UI)
2026-01-12 13:48:15.435 [main] INFO  TestSteps - >>> Step 2 : Remove item from cart
2026-01-12 13:48:15.446 [main] INFO  testcase6 - Cart count before delete: 1
2026-01-12 13:48:17.498 [main] INFO  testcase6 - Delete button clicked
2026-01-12 13:48:17.515 [main] INFO  testcase6 - Cart count after delete: 0
2026-01-12 13:48:17.516 [main] INFO  testcase6 - Cart count decreased successfully
2026-01-12 13:48:17.516 [main] INFO  testcase6 - ========================================
2026-01-12 13:48:17.516 [main] INFO  testcase6 - TEST RESULT: PASSED ✓
2026-01-12 13:48:17.516 [main] INFO  testcase6 - ========================================
2026-01-12 13:48:17.516 [main] INFO  TestExecution - ################################################################################
2026-01-12 13:48:17.516 [main] INFO  TestExecution - # TEST CASE TC_AMZ_006 - RESULT: PASSED
2026-01-12 13:48:17.516 [main] INFO  TestExecution - ################################################################################
2026-01-12 13:48:17.516 [main] INFO  TestExecution - 
2026-01-12 13:48:17.517 [main] INFO  utils.ScreenshotListener - Test passed: testUpdateAndRemoveCartItem
2026-01-12 13:48:17.518 [main] INFO  testcase6 - --- Test Teardown Started ---
2026-01-12 13:48:17.668 [main] INFO  testcase6 - Browser closed
2026-01-12 13:48:17.668 [main] INFO  testcase6 - --- Test Teardown Completed ---
2026-01-12 13:48:17.668 [main] INFO  TestSteps - ================================================================================
2026-01-12 13:48:17.668 [main] INFO  TestSteps -   TC_AMZ_007: Remove Item from Cart
2026-01-12 13:48:17.668 [main] INFO  TestSteps - ================================================================================
2026-01-12 13:48:17.668 [main] INFO  testcase7 - Priority: MEDIUM (P3) | Type: Functional Test | Automation: YES
2026-01-12 13:48:17.671 [main] INFO  io.github.bonigarcia.wdm.WebDriverManager - Using chromedriver 143.0.7499.192 (resolved driver for Chrome 143)
2026-01-12 13:48:17.672 [main] INFO  io.github.bonigarcia.wdm.WebDriverManager - Exporting webdriver.chrome.driver as /Users/anishk/.cache/selenium/chromedriver/mac-arm64/143.0.7499.192/chromedriver
2026-01-12 13:48:17.672 [main] INFO  testcase7 - WebDriverManager setup completed
2026-01-12 13:48:17.673 [main] INFO  testcase7 - --- Test Setup Started ---
2026-01-12 13:48:18.213 [main] INFO  testcase7 - --- Test Setup Completed ---
2026-01-12 13:48:18.213 [main] INFO  utils.ScreenshotListener - Starting test: testRemoveItemFromCart
2026-01-12 13:48:18.213 [main] INFO  TestExecution - 
2026-01-12 13:48:18.213 [main] INFO  TestExecution - ################################################################################
2026-01-12 13:48:18.213 [main] INFO  TestExecution - # TEST CASE: TC_AMZ_007 - Remove Item from Cart
2026-01-12 13:48:18.213 [main] INFO  TestExecution - ################################################################################
2026-01-12 13:48:18.213 [main] INFO  testcase7 - Search Keyword: mouse
2026-01-12 13:48:18.213 [main] INFO  TestSteps - >>> Pre-condition : Add item to cart
2026-01-12 13:48:38.632 [main] INFO  testcase7 - Navigated to homepage
2026-01-12 13:48:48.602 [main] INFO  testcase7 - Search results loaded
2026-01-12 13:48:57.809 [main] INFO  testcase7 - Clicked first product
2026-01-12 13:49:11.484 [main] INFO  testcase7 - Added product to cart
2026-01-12 13:49:13.870 [main] INFO  testcase7 - Navigated to cart page
2026-01-12 13:49:13.879 [main] INFO  testcase7 - Cart count before removal: 1
2026-01-12 13:49:13.879 [main] INFO  TestSteps - >>> Step 1 : Remove item from cart
2026-01-12 13:49:15.928 [main] INFO  testcase7 - Item deleted successfully
2026-01-12 13:49:15.929 [main] INFO  TestSteps - >>> Step 2 : Verify cart count decreased
2026-01-12 13:49:15.951 [main] INFO  testcase7 - Cart count after removal: 0
2026-01-12 13:49:15.951 [main] INFO  testcase7 - Cart count verification passed
2026-01-12 13:49:15.951 [main] INFO  TestSteps - >>> Step 3 : Verify empty cart message
2026-01-12 13:49:15.951 [main] INFO  testcase7 - Cart is empty, verifying empty cart message
2026-01-12 13:49:17.990 [main] WARN  testcase7 - Empty cart message not found, but count is 0. Proceeding.
2026-01-12 13:49:17.990 [main] INFO  TestSteps - >>> Step 4 : Verify checkout button hidden
2026-01-12 13:49:17.997 [main] INFO  testcase7 - Checkout button visible: false
2026-01-12 13:49:17.997 [main] INFO  testcase7 - Checkout button correctly hidden
2026-01-12 13:49:17.997 [main] INFO  testcase7 - ========================================
2026-01-12 13:49:17.997 [main] INFO  testcase7 - TEST RESULT: PASSED ✓
2026-01-12 13:49:17.997 [main] INFO  testcase7 - ========================================
2026-01-12 13:49:17.997 [main] INFO  TestExecution - ################################################################################
2026-01-12 13:49:17.997 [main] INFO  TestExecution - # TEST CASE TC_AMZ_007 - RESULT: PASSED
2026-01-12 13:49:17.997 [main] INFO  TestExecution - ################################################################################
2026-01-12 13:49:17.997 [main] INFO  TestExecution - 
2026-01-12 13:49:17.997 [main] INFO  utils.ScreenshotListener - Test passed: testRemoveItemFromCart
2026-01-12 13:49:17.998 [main] INFO  testcase7 - --- Test Teardown Started ---
2026-01-12 13:49:18.149 [main] INFO  testcase7 - Browser closed
2026-01-12 13:49:18.149 [main] INFO  testcase7 - --- Test Teardown Completed ---
2026-01-12 13:49:18.150 [main] INFO  TestSteps - ================================================================================
2026-01-12 13:49:18.150 [main] INFO  TestSteps -   TC_AMZ_008: Proceed to Checkout (Guest User)
2026-01-12 13:49:18.150 [main] INFO  TestSteps - ================================================================================
2026-01-12 13:49:18.150 [main] INFO  testcase8 - Priority: MEDIUM (P3) | Type: Smoke Test | Automation: YES
2026-01-12 13:49:18.152 [main] INFO  io.github.bonigarcia.wdm.WebDriverManager - Using chromedriver 143.0.7499.192 (resolved driver for Chrome 143)
2026-01-12 13:49:18.153 [main] INFO  io.github.bonigarcia.wdm.WebDriverManager - Exporting webdriver.chrome.driver as /Users/anishk/.cache/selenium/chromedriver/mac-arm64/143.0.7499.192/chromedriver
2026-01-12 13:49:18.153 [main] INFO  testcase8 - WebDriverManager setup completed
2026-01-12 13:49:18.154 [main] INFO  testcase8 - --- Test Setup Started ---
2026-01-12 13:49:18.606 [main] INFO  testcase8 - --- Test Setup Completed ---
2026-01-12 13:49:18.607 [main] INFO  utils.ScreenshotListener - Starting test: testProceedToCheckout
2026-01-12 13:49:18.607 [main] INFO  TestExecution - 
2026-01-12 13:49:18.607 [main] INFO  TestExecution - ################################################################################
2026-01-12 13:49:18.607 [main] INFO  TestExecution - # TEST CASE: TC_AMZ_008 - Proceed to Checkout
2026-01-12 13:49:18.607 [main] INFO  TestExecution - ################################################################################
2026-01-12 13:49:18.607 [main] INFO  testcase8 - Search Keyword: The Great Gatsby
2026-01-12 13:49:18.607 [main] INFO  TestSteps - >>> Pre-condition : Add item to cart
2026-01-12 13:49:32.066 [main] INFO  testcase8 - Navigated to homepage
2026-01-12 13:49:35.313 [main] INFO  testcase8 - Search results loaded
2026-01-12 13:49:45.646 [main] WARN  testcase8 - Specific book by XPath not found. Falling back to first product.
2026-01-12 13:50:05.557 [main] INFO  testcase8 - Item added to cart
2026-01-12 13:50:05.576 [main] INFO  testcase8 - DEBUG: Cart count after add: 1
2026-01-12 13:50:05.577 [main] INFO  testcase8 - Cart count verification passed
2026-01-12 13:50:05.577 [main] INFO  TestSteps - >>> Step 1 : Navigate to cart
2026-01-12 13:50:07.353 [main] INFO  testcase8 - Navigated to cart page
2026-01-12 13:50:07.354 [main] INFO  TestSteps - >>> Step 2 : Click 'Proceed to Checkout'
2026-01-12 13:50:09.410 [main] INFO  testcase8 - Proceed to Checkout clicked
2026-01-12 13:50:09.410 [main] INFO  TestSteps - >>> Step 3 : Verify redirected to checkout or sign-in page
2026-01-12 13:50:12.441 [main] INFO  testcase8 - Current URL after checkout: https://www.amazon.com/ap/signin?openid.pape.max_auth_age=900&openid.return_to=https%3A%2F%2Fwww.amazon.com%2Fcheckout%2Fentry%2Fcart%3FisEligibilityLogicDisabled%3D1%26referrer%3Dcart%26proceedToCheckout%3D1%26proceedToCheckout%3D1%26ref_%3Dox_sc_proceed%26oldCustomerId%3D0%26tangoWeblabStatus%3Dtango_enable_unrec_customer%26sessionID%3D136-5819155-2476503%26pipelineType%3DChewbacca%26isToBeGiftWrappedBefore%3D0%26useDefaultCart%3D1%26isUnrec%3D1&openid.identity=http%3A%2F%2Fspecs.openid.net%2Fauth%2F2.0%2Fidentifier_select&openid.assoc_handle=amazon_checkout_us&openid.mode=checkid_setup&language=en_US&openid.claimed_id=http%3A%2F%2Fspecs.openid.net%2Fauth%2F2.0%2Fidentifier_select&openid.ns=http%3A%2F%2Fspecs.openid.net%2Fauth%2F2.0
2026-01-12 13:50:12.442 [main] INFO  testcase8 - Successfully redirected to checkout flow
2026-01-12 13:50:12.442 [main] INFO  testcase8 - ========================================
2026-01-12 13:50:12.442 [main] INFO  testcase8 - TEST RESULT: PASSED ✓
2026-01-12 13:50:12.442 [main] INFO  testcase8 - ========================================
2026-01-12 13:50:12.442 [main] INFO  TestExecution - ################################################################################
2026-01-12 13:50:12.442 [main] INFO  TestExecution - # TEST CASE TC_AMZ_008 - RESULT: PASSED
2026-01-12 13:50:12.442 [main] INFO  TestExecution - ################################################################################
2026-01-12 13:50:12.442 [main] INFO  TestExecution - 
2026-01-12 13:50:12.442 [main] INFO  utils.ScreenshotListener - Test passed: testProceedToCheckout
2026-01-12 13:50:12.443 [main] INFO  testcase8 - --- Test Teardown Started ---
2026-01-12 13:50:12.594 [main] INFO  testcase8 - Browser closed
2026-01-12 13:50:12.594 [main] INFO  testcase8 - --- Test Teardown Completed ---
2026-01-12 13:50:12.594 [main] INFO  TestSteps - ================================================================================
2026-01-12 13:50:12.594 [main] INFO  TestSteps -   TC_AMZ_010: Cart Persistence After Page Refresh
2026-01-12 13:50:12.594 [main] INFO  TestSteps - ================================================================================
2026-01-12 13:50:12.594 [main] INFO  testcase10 - Priority: MEDIUM (P3) | Type: Functional Test | Automation: YES
2026-01-12 13:50:12.598 [main] INFO  io.github.bonigarcia.wdm.WebDriverManager - Using chromedriver 143.0.7499.192 (resolved driver for Chrome 143)
2026-01-12 13:50:12.599 [main] INFO  io.github.bonigarcia.wdm.WebDriverManager - Exporting webdriver.chrome.driver as /Users/anishk/.cache/selenium/chromedriver/mac-arm64/143.0.7499.192/chromedriver
2026-01-12 13:50:12.599 [main] INFO  testcase10 - WebDriverManager setup completed
2026-01-12 13:50:12.599 [main] INFO  testcase10 - --- Test Setup Started ---
2026-01-12 13:50:13.152 [main] INFO  testcase10 - --- Test Setup Completed ---
2026-01-12 13:50:13.152 [main] INFO  utils.ScreenshotListener - Starting test: testCartPersistence
2026-01-12 13:50:13.153 [main] INFO  TestExecution - 
2026-01-12 13:50:13.153 [main] INFO  TestExecution - ################################################################################
2026-01-12 13:50:13.153 [main] INFO  TestExecution - # TEST CASE: TC_AMZ_010 - Cart Persistence After Refresh
2026-01-12 13:50:13.153 [main] INFO  TestExecution - ################################################################################
2026-01-12 13:50:13.153 [main] INFO  testcase10 - Search Keyword: monitor
2026-01-12 13:50:13.153 [main] INFO  TestSteps - >>> Step 1 : Add item to cart
2026-01-12 13:50:28.403 [main] INFO  testcase10 - Navigated to homepage
2026-01-12 13:50:33.480 [main] INFO  testcase10 - Search results loaded
2026-01-12 13:50:39.159 [main] INFO  testcase10 - Clicked first product
2026-01-12 13:50:46.215 [main] INFO  testcase10 - Added product to cart
2026-01-12 13:50:46.215 [main] INFO  TestSteps - >>> Step 2 : Get cart count before refresh
2026-01-12 13:50:46.226 [main] INFO  testcase10 - Cart count before refresh: 1
2026-01-12 13:50:46.226 [main] INFO  TestSteps - >>> Step 3 : Refresh the page
2026-01-12 13:50:50.745 [main] INFO  testcase10 - Page refreshed
2026-01-12 13:50:50.745 [main] INFO  TestSteps - >>> Step 4 : Get cart count after refresh
2026-01-12 13:50:50.758 [main] INFO  testcase10 - Cart count after refresh: 1
2026-01-12 13:50:50.758 [main] INFO  testcase10 - Cart count verification passed - items persisted
2026-01-12 13:50:50.758 [main] INFO  TestSteps - >>> Step 5 : Navigate to cart page and verify
2026-01-12 13:50:52.395 [main] INFO  testcase10 - Navigated to cart page
2026-01-12 13:50:52.400 [main] INFO  testcase10 - Cart page count: 1
2026-01-12 13:50:52.401 [main] INFO  testcase10 - Cart page count verification passed
2026-01-12 13:50:52.401 [main] INFO  testcase10 - ========================================
2026-01-12 13:50:52.401 [main] INFO  testcase10 - TEST RESULT: PASSED ✓
2026-01-12 13:50:52.401 [main] INFO  testcase10 - ========================================
2026-01-12 13:50:52.401 [main] INFO  TestExecution - ################################################################################
2026-01-12 13:50:52.401 [main] INFO  TestExecution - # TEST CASE TC_AMZ_010 - RESULT: PASSED
2026-01-12 13:50:52.401 [main] INFO  TestExecution - ################################################################################
2026-01-12 13:50:52.401 [main] INFO  TestExecution - 
2026-01-12 13:50:52.401 [main] INFO  utils.ScreenshotListener - Test passed: testCartPersistence
2026-01-12 13:50:52.401 [main] INFO  testcase10 - --- Test Teardown Started ---
2026-01-12 13:50:52.545 [main] INFO  testcase10 - Browser closed
2026-01-12 13:50:52.545 [main] INFO  testcase10 - --- Test Teardown Completed ---
2026-01-12 13:50:52.546 [main] INFO  TestSteps - ================================================================================
2026-01-12 13:50:52.546 [main] INFO  TestSteps -   TC_AMZ_002: Verify Search with Invalid Keyword
2026-01-12 13:50:52.546 [main] INFO  TestSteps - ================================================================================
2026-01-12 13:50:52.546 [main] INFO  testcase2 - Priority: LOW (P4) | Type: Negative Test | Automation: YES
2026-01-12 13:50:52.548 [main] INFO  io.github.bonigarcia.wdm.WebDriverManager - Using chromedriver 143.0.7499.192 (resolved driver for Chrome 143)
2026-01-12 13:50:52.549 [main] INFO  io.github.bonigarcia.wdm.WebDriverManager - Exporting webdriver.chrome.driver as /Users/anishk/.cache/selenium/chromedriver/mac-arm64/143.0.7499.192/chromedriver
2026-01-12 13:50:52.549 [main] INFO  testcase2 - WebDriverManager setup completed
2026-01-12 13:50:52.549 [main] INFO  testcase2 - --- Test Setup Started ---
2026-01-12 13:50:53.010 [main] INFO  testcase2 - --- Test Setup Completed ---
2026-01-12 13:50:53.010 [main] INFO  utils.ScreenshotListener - Starting test: testInvalidKeywordSearch
2026-01-12 13:50:53.010 [main] INFO  TestExecution - 
2026-01-12 13:50:53.010 [main] INFO  TestExecution - ################################################################################
2026-01-12 13:50:53.011 [main] INFO  TestExecution - # TEST CASE: TC_AMZ_002 - Verify Invalid Search
2026-01-12 13:50:53.011 [main] INFO  TestExecution - ################################################################################
2026-01-12 13:50:53.011 [main] INFO  testcase2 - Invalid Keyword: xyzabc123!@#$%
2026-01-12 13:50:53.011 [main] INFO  TestSteps - >>> Step 1 : Navigate to Amazon homepage
2026-01-12 13:51:07.576 [main] INFO  testcase2 - Navigation successful
2026-01-12 13:51:07.576 [main] INFO  TestSteps - >>> Step 2-3 : Locate search box and enter invalid keyword
2026-01-12 13:51:07.647 [main] INFO  testcase2 - Invalid keyword 'xyzabc123!@#$%' entered
2026-01-12 13:51:07.647 [main] INFO  TestSteps - >>> Step 4 : Click search button
2026-01-12 13:51:20.710 [main] INFO  testcase2 - Search results page loaded
2026-01-12 13:51:20.711 [main] INFO  TestSteps - >>> Step 5-6 : Verify 'No results' message or suggestions
2026-01-12 13:51:20.745 [main] INFO  testcase2 - No Results Message Found: true
2026-01-12 13:51:20.745 [main] INFO  testcase2 - Suggestions Found: true
2026-01-12 13:51:20.745 [main] INFO  testcase2 - Verification passed: No results or suggestions displayed
2026-01-12 13:51:20.746 [main] INFO  TestSteps - >>> Step 7 : Verify zero product cards displayed
2026-01-12 13:51:20.751 [main] INFO  testcase2 - Product count: 0
2026-01-12 13:51:20.751 [main] INFO  testcase2 - Verification passed: Zero products displayed
2026-01-12 13:51:20.751 [main] INFO  testcase2 - ========================================
2026-01-12 13:51:20.751 [main] INFO  testcase2 - TEST RESULT: PASSED ✓
2026-01-12 13:51:20.751 [main] INFO  testcase2 - ========================================
2026-01-12 13:51:20.751 [main] INFO  TestExecution - ################################################################################
2026-01-12 13:51:20.751 [main] INFO  TestExecution - # TEST CASE TC_AMZ_002 - RESULT: PASSED
2026-01-12 13:51:20.751 [main] INFO  TestExecution - ################################################################################
2026-01-12 13:51:20.751 [main] INFO  TestExecution - 
2026-01-12 13:51:20.751 [main] INFO  utils.ScreenshotListener - Test passed: testInvalidKeywordSearch
2026-01-12 13:51:20.751 [main] INFO  testcase2 - --- Test Teardown Started ---
2026-01-12 13:51:20.751 [main] INFO  testcase2 - Browser session maintained
2026-01-12 13:51:20.751 [main] INFO  testcase2 - --- Test Teardown Completed ---
2026-01-12 13:51:20.883 [main] INFO  testcase2 - Browser closed successfully
2026-01-12 13:51:20.883 [main] INFO  testcase2 - ALL TESTS COMPLETED FOR TC_AMZ_002
2026-01-12 13:51:20.883 [main] INFO  TestSteps - ================================================================================
2026-01-12 13:51:20.883 [main] INFO  TestSteps -   TC_AMZ_009: Empty Search Validation
2026-01-12 13:51:20.883 [main] INFO  TestSteps - ================================================================================
2026-01-12 13:51:20.883 [main] INFO  testcase9 - Priority: LOW (P4) | Type: Negative Test | Automation: YES
2026-01-12 13:51:20.885 [main] INFO  io.github.bonigarcia.wdm.WebDriverManager - Using chromedriver 143.0.7499.192 (resolved driver for Chrome 143)
2026-01-12 13:51:20.886 [main] INFO  io.github.bonigarcia.wdm.WebDriverManager - Exporting webdriver.chrome.driver as /Users/anishk/.cache/selenium/chromedriver/mac-arm64/143.0.7499.192/chromedriver
2026-01-12 13:51:20.886 [main] INFO  testcase9 - WebDriverManager setup completed
2026-01-12 13:51:20.886 [main] INFO  testcase9 - --- Test Setup Started ---
2026-01-12 13:51:21.335 [main] INFO  testcase9 - --- Test Setup Completed ---
2026-01-12 13:51:21.335 [main] INFO  utils.ScreenshotListener - Starting test: testEmptySearch
2026-01-12 13:51:21.335 [main] INFO  TestExecution - 
2026-01-12 13:51:21.335 [main] INFO  TestExecution - ################################################################################
2026-01-12 13:51:21.335 [main] INFO  TestExecution - # TEST CASE: TC_AMZ_009 - Empty Search Validation
2026-01-12 13:51:21.336 [main] INFO  TestExecution - ################################################################################
2026-01-12 13:51:21.336 [main] INFO  TestSteps - >>> Step 1 : Navigate to Amazon homepage
2026-01-12 13:51:36.669 [main] INFO  testcase9 - Navigated to homepage
2026-01-12 13:51:36.669 [main] INFO  TestSteps - >>> Step 2 : Clear search box to ensure it's empty
2026-01-12 13:51:38.146 [main] INFO  testcase9 - Search box cleared
2026-01-12 13:51:38.146 [main] INFO  TestSteps - >>> Step 3 : Click search button with empty search box
2026-01-12 13:51:42.081 [main] INFO  testcase9 - Search button clicked with empty input
2026-01-12 13:51:44.091 [main] INFO  TestSteps - >>> Step 4 : Verify no errors and proper handling
2026-01-12 13:51:44.105 [main] INFO  testcase9 - URL after empty search: https://www.amazon.com/
2026-01-12 13:51:44.106 [main] INFO  testcase9 - Domain verification passed
2026-01-12 13:51:44.114 [main] INFO  testcase9 - Error page check passed
2026-01-12 13:51:44.114 [main] INFO  testcase9 - ========================================
2026-01-12 13:51:44.114 [main] INFO  testcase9 - TEST RESULT: PASSED ✓
2026-01-12 13:51:44.114 [main] INFO  testcase9 - ========================================
2026-01-12 13:51:44.114 [main] INFO  TestExecution - ################################################################################
2026-01-12 13:51:44.114 [main] INFO  TestExecution - # TEST CASE TC_AMZ_009 - RESULT: PASSED
2026-01-12 13:51:44.114 [main] INFO  TestExecution - ################################################################################
2026-01-12 13:51:44.114 [main] INFO  TestExecution - 
2026-01-12 13:51:44.115 [main] INFO  utils.ScreenshotListener - Test passed: testEmptySearch
2026-01-12 13:51:44.116 [main] INFO  testcase9 - --- Test Teardown Started ---
2026-01-12 13:51:44.241 [main] INFO  testcase9 - Browser closed
2026-01-12 13:51:44.241 [main] INFO  testcase9 - --- Test Teardown Completed ---
2026-01-12 13:51:44.241 [main] INFO  utils.ScreenshotListener - ========================================
2026-01-12 13:51:44.241 [main] INFO  utils.ScreenshotListener - Test Suite Finished: Amazon E-Commerce Test Suite
2026-01-12 13:51:44.241 [main] INFO  utils.ScreenshotListener - Total Tests: 10
2026-01-12 13:51:44.241 [main] INFO  utils.ScreenshotListener - Passed: 10
2026-01-12 13:51:44.241 [main] INFO  utils.ScreenshotListener - Failed: 0
2026-01-12 13:51:44.241 [main] INFO  utils.ScreenshotListener - Skipped: 0
2026-01-12 13:51:44.241 [main] INFO  utils.ScreenshotListener - ========================================
